<?xml version='1.0' encoding='utf-8'?>
<gpx xmlns="http://www.topografix.com/GPX/1/1" version="1.1" creator="Wild Quest location prefetch">
  <metadata>
    <name>Tamhini Ghat</name>
  </metadata>
  <trk>
    <name>Mapped walking ways near Tamhini Ghat; not a verified route</name>
    <trkseg>
      <trkpt lat="18.4473442" lon="73.3913594" />
      <trkpt lat="18.4472042" lon="73.3911138" />
      <trkpt lat="18.4472131" lon="73.3907805" />
      <trkpt lat="18.4467901" lon="73.3907805" />
      <trkpt lat="18.4470484" lon="73.3902689" />
      <trkpt lat="18.4466209" lon="73.3900717" />
      <trkpt lat="18.4462781" lon="73.3903393" />
      <trkpt lat="18.4458239" lon="73.3905458" />
      <trkpt lat="18.4455923" lon="73.3904801" />
      <trkpt lat="18.445343" lon="73.3901421" />
      <trkpt lat="18.4450357" lon="73.3897479" />
      <trkpt lat="18.4449734" lon="73.3889874" />
      <trkpt lat="18.4454855" lon="73.3886542" />
      <trkpt lat="18.4456591" lon="73.3883913" />
      <trkpt lat="18.4454231" lon="73.3878187" />
      <trkpt lat="18.4452851" lon="73.3873352" />
      <trkpt lat="18.4450803" lon="73.3870442" />
      <trkpt lat="18.4449868" lon="73.3867719" />
      <trkpt lat="18.4446038" lon="73.386556" />
      <trkpt lat="18.4442431" lon="73.3861617" />
      <trkpt lat="18.4442075" lon="73.3858097" />
      <trkpt lat="18.4442387" lon="73.3852041" />
      <trkpt lat="18.4441986" lon="73.3845658" />
      <trkpt lat="18.4439448" lon="73.3838617" />
      <trkpt lat="18.4440962" lon="73.3834721" />
      <trkpt lat="18.4439493" lon="73.3829135" />
      <trkpt lat="18.4441674" lon="73.3824629" />
      <trkpt lat="18.4444435" lon="73.3825427" />
      <trkpt lat="18.4449779" lon="73.3820921" />
      <trkpt lat="18.4459307" lon="73.3814021" />
      <trkpt lat="18.446424" lon="73.3812657" />
      <trkpt lat="18.4464298" lon="73.380429" />
      <trkpt lat="18.4474062" lon="73.3803267" />
      <trkpt lat="18.4480972" lon="73.3803086" />
      <trkpt lat="18.4484398" lon="73.3802785" />
      <trkpt lat="18.4494049" lon="73.3801641" />
      <trkpt lat="18.4503128" lon="73.3813801" />
      <trkpt lat="18.4506155" lon="73.3819761" />
      <trkpt lat="18.4510895" lon="73.3825901" />
      <trkpt lat="18.4512893" lon="73.3830356" />
      <trkpt lat="18.4511009" lon="73.3835472" />
      <trkpt lat="18.4507525" lon="73.3837158" />
      <trkpt lat="18.4508154" lon="73.3843419" />
      <trkpt lat="18.4505812" lon="73.3846669" />
      <trkpt lat="18.4506383" lon="73.3851003" />
      <trkpt lat="18.4509981" lon="73.3853291" />
      <trkpt lat="18.4512208" lon="73.3862923" />
      <trkpt lat="18.4510495" lon="73.3869063" />
      <trkpt lat="18.4512265" lon="73.3874962" />
      <trkpt lat="18.4511751" lon="73.388032" />
      <trkpt lat="18.4507411" lon="73.388634" />
      <trkpt lat="18.4507183" lon="73.388941" />
      <trkpt lat="18.4510552" lon="73.3893684" />
      <trkpt lat="18.4515463" lon="73.3900546" />
      <trkpt lat="18.4518681" lon="73.3902919" />
    </trkseg>
    <trkseg>
      <trkpt lat="18.432688" lon="73.3976251" />
      <trkpt lat="18.4329322" lon="73.3977163" />
      <trkpt lat="18.433263" lon="73.3977967" />
      <trkpt lat="18.4335887" lon="73.3978397" />
      <trkpt lat="18.4338127" lon="73.3978182" />
      <trkpt lat="18.4338534" lon="73.397668" />
      <trkpt lat="18.4336905" lon="73.3974588" />
      <trkpt lat="18.4336549" lon="73.397271" />
      <trkpt lat="18.4338686" lon="73.3971959" />
      <trkpt lat="18.4340315" lon="73.3972013" />
      <trkpt lat="18.4342045" lon="73.3971798" />
      <trkpt lat="18.4344793" lon="73.3971316" />
      <trkpt lat="18.4347134" lon="73.3970028" />
      <trkpt lat="18.4350442" lon="73.3969063" />
      <trkpt lat="18.4352274" lon="73.3968741" />
      <trkpt lat="18.4354565" lon="73.3968526" />
      <trkpt lat="18.4357516" lon="73.3969384" />
      <trkpt lat="18.4359501" lon="73.3969384" />
      <trkpt lat="18.4362656" lon="73.3969599" />
      <trkpt lat="18.436571" lon="73.3969331" />
      <trkpt lat="18.4368814" lon="73.3969277" />
      <trkpt lat="18.4371155" lon="73.3969277" />
      <trkpt lat="18.4373343" lon="73.3969277" />
      <trkpt lat="18.4376193" lon="73.3969116" />
      <trkpt lat="18.4378585" lon="73.3968526" />
      <trkpt lat="18.4382656" lon="73.3968633" />
      <trkpt lat="18.438571" lon="73.3968633" />
      <trkpt lat="18.4388203" lon="73.396858" />
      <trkpt lat="18.4390799" lon="73.3968311" />
      <trkpt lat="18.4392071" lon="73.3969009" />
      <trkpt lat="18.4394208" lon="73.3967936" />
      <trkpt lat="18.439716" lon="73.3967131" />
      <trkpt lat="18.4399857" lon="73.396697" />
      <trkpt lat="18.4403216" lon="73.3966434" />
      <trkpt lat="18.4406117" lon="73.3965844" />
      <trkpt lat="18.4409831" lon="73.3965415" />
      <trkpt lat="18.4412478" lon="73.3964771" />
      <trkpt lat="18.4413801" lon="73.3964235" />
      <trkpt lat="18.4414615" lon="73.396123" />
      <trkpt lat="18.4415226" lon="73.3959943" />
      <trkpt lat="18.4417516" lon="73.396064" />
      <trkpt lat="18.4419297" lon="73.3960962" />
      <trkpt lat="18.4420518" lon="73.3959728" />
      <trkpt lat="18.4421027" lon="73.395828" />
      <trkpt lat="18.4422147" lon="73.3956295" />
      <trkpt lat="18.4424538" lon="73.3955651" />
      <trkpt lat="18.4426879" lon="73.3956134" />
      <trkpt lat="18.4428304" lon="73.3957636" />
      <trkpt lat="18.4429169" lon="73.3959085" />
      <trkpt lat="18.4429831" lon="73.3959567" />
      <trkpt lat="18.4431867" lon="73.3959353" />
      <trkpt lat="18.4433648" lon="73.3958495" />
      <trkpt lat="18.4435429" lon="73.3958065" />
      <trkpt lat="18.4437261" lon="73.3958173" />
      <trkpt lat="18.4439042" lon="73.3959299" />
      <trkpt lat="18.4440009" lon="73.3960587" />
      <trkpt lat="18.4441281" lon="73.3961284" />
      <trkpt lat="18.4441892" lon="73.3961713" />
      <trkpt lat="18.4442604" lon="73.396284" />
      <trkpt lat="18.4443011" lon="73.3964127" />
      <trkpt lat="18.4444029" lon="73.3964825" />
      <trkpt lat="18.4445912" lon="73.3964932" />
      <trkpt lat="18.4447489" lon="73.3964288" />
      <trkpt lat="18.4448354" lon="73.3963162" />
      <trkpt lat="18.4447184" lon="73.3962035" />
      <trkpt lat="18.4445047" lon="73.3961928" />
      <trkpt lat="18.444525" lon="73.3960801" />
      <trkpt lat="18.4445759" lon="73.396005" />
      <trkpt lat="18.4446014" lon="73.3958602" />
      <trkpt lat="18.4445148" lon="73.3958012" />
      <trkpt lat="18.4444741" lon="73.3956778" />
      <trkpt lat="18.4443316" lon="73.3955973" />
      <trkpt lat="18.4441942" lon="73.395533" />
      <trkpt lat="18.4441026" lon="73.39549" />
      <trkpt lat="18.444006" lon="73.3954042" />
      <trkpt lat="18.4439042" lon="73.3953398" />
      <trkpt lat="18.4438177" lon="73.395254" />
      <trkpt lat="18.4438584" lon="73.3951253" />
      <trkpt lat="18.443894" lon="73.3949697" />
      <trkpt lat="18.4439347" lon="73.3948463" />
      <trkpt lat="18.4440009" lon="73.3947337" />
      <trkpt lat="18.444179" lon="73.394621" />
      <trkpt lat="18.4442757" lon="73.394562" />
      <trkpt lat="18.4443164" lon="73.3944708" />
      <trkpt lat="18.4443927" lon="73.3944011" />
      <trkpt lat="18.4444741" lon="73.3943367" />
      <trkpt lat="18.4444945" lon="73.3942026" />
      <trkpt lat="18.4443774" lon="73.3941865" />
      <trkpt lat="18.4443113" lon="73.3941221" />
      <trkpt lat="18.44424" lon="73.3939612" />
      <trkpt lat="18.4441942" lon="73.3937734" />
      <trkpt lat="18.4442248" lon="73.3936232" />
      <trkpt lat="18.4443825" lon="73.3935052" />
      <trkpt lat="18.444464" lon="73.3935106" />
      <trkpt lat="18.444581" lon="73.3934891" />
      <trkpt lat="18.4446828" lon="73.3933389" />
      <trkpt lat="18.444698" lon="73.3932316" />
      <trkpt lat="18.4448354" lon="73.3931404" />
      <trkpt lat="18.4449678" lon="73.3931136" />
      <trkpt lat="18.4450797" lon="73.3930439" />
      <trkpt lat="18.4451204" lon="73.3929098" />
      <trkpt lat="18.4452731" lon="73.3928561" />
      <trkpt lat="18.4453443" lon="73.3927864" />
      <trkpt lat="18.4453596" lon="73.3927166" />
      <trkpt lat="18.4455123" lon="73.3926094" />
      <trkpt lat="18.4456242" lon="73.3925664" />
      <trkpt lat="18.4457616" lon="73.3925396" />
      <trkpt lat="18.445843" lon="73.3924216" />
      <trkpt lat="18.4458736" lon="73.3922821" />
      <trkpt lat="18.4460008" lon="73.3921802" />
      <trkpt lat="18.4461229" lon="73.3921641" />
      <trkpt lat="18.4462298" lon="73.3921266" />
      <trkpt lat="18.446357" lon="73.3920729" />
      <trkpt lat="18.4465097" lon="73.3919656" />
      <trkpt lat="18.4466572" lon="73.3918583" />
      <trkpt lat="18.4467692" lon="73.3917725" />
      <trkpt lat="18.4468964" lon="73.3916867" />
      <trkpt lat="18.4469931" lon="73.3915687" />
      <trkpt lat="18.4471" lon="73.3914399" />
      <trkpt lat="18.447217" lon="73.3913755" />
      <trkpt lat="18.4473442" lon="73.3913594" />
      <trkpt lat="18.4474613" lon="73.3913863" />
      <trkpt lat="18.4475274" lon="73.3914667" />
      <trkpt lat="18.447446" lon="73.3916438" />
      <trkpt lat="18.4473748" lon="73.391751" />
      <trkpt lat="18.44739" lon="73.3918637" />
      <trkpt lat="18.4474613" lon="73.3919495" />
      <trkpt lat="18.4476038" lon="73.3919656" />
      <trkpt lat="18.4477106" lon="73.3919281" />
      <trkpt lat="18.4478327" lon="73.3918369" />
      <trkpt lat="18.4479193" lon="73.3916974" />
      <trkpt lat="18.4479905" lon="73.3916491" />
      <trkpt lat="18.4481839" lon="73.3915365" />
      <trkpt lat="18.4483569" lon="73.391456" />
      <trkpt lat="18.4484688" lon="73.3914024" />
      <trkpt lat="18.4485604" lon="73.3912951" />
      <trkpt lat="18.4487436" lon="73.3911985" />
      <trkpt lat="18.4489726" lon="73.3911341" />
      <trkpt lat="18.4491456" lon="73.3910161" />
      <trkpt lat="18.4493085" lon="73.3908927" />
      <trkpt lat="18.4494306" lon="73.3908284" />
      <trkpt lat="18.4495629" lon="73.3907801" />
      <trkpt lat="18.4497105" lon="73.3907318" />
      <trkpt lat="18.4498123" lon="73.3906889" />
      <trkpt lat="18.4499802" lon="73.3906138" />
      <trkpt lat="18.4501278" lon="73.3905441" />
      <trkpt lat="18.4502652" lon="73.3904636" />
      <trkpt lat="18.4504331" lon="73.3903992" />
      <trkpt lat="18.4505654" lon="73.3903617" />
      <trkpt lat="18.4507282" lon="73.3903617" />
      <trkpt lat="18.4508605" lon="73.3903724" />
      <trkpt lat="18.4509725" lon="73.3903348" />
      <trkpt lat="18.4511608" lon="73.3902919" />
      <trkpt lat="18.4513439" lon="73.3902597" />
      <trkpt lat="18.4515526" lon="73.3902276" />
      <trkpt lat="18.4517409" lon="73.390249" />
      <trkpt lat="18.4518681" lon="73.3902919" />
      <trkpt lat="18.4519648" lon="73.3902705" />
      <trkpt lat="18.4519902" lon="73.3901256" />
      <trkpt lat="18.452036" lon="73.3899432" />
      <trkpt lat="18.4521734" lon="73.389734" />
      <trkpt lat="18.4522446" lon="73.3895302" />
      <trkpt lat="18.4523362" lon="73.3893907" />
      <trkpt lat="18.4524634" lon="73.3892673" />
      <trkpt lat="18.4525703" lon="73.3891654" />
      <trkpt lat="18.4526568" lon="73.3890527" />
      <trkpt lat="18.4527382" lon="73.3889562" />
      <trkpt lat="18.4528349" lon="73.3888972" />
      <trkpt lat="18.4529469" lon="73.3889079" />
      <trkpt lat="18.4531097" lon="73.3888972" />
      <trkpt lat="18.4532573" lon="73.3888757" />
      <trkpt lat="18.4533641" lon="73.3887953" />
      <trkpt lat="18.453471" lon="73.3887094" />
      <trkpt lat="18.453471" lon="73.3885753" />
      <trkpt lat="18.4534354" lon="73.3884573" />
      <trkpt lat="18.4533743" lon="73.38835" />
      <trkpt lat="18.4533743" lon="73.3882266" />
      <trkpt lat="18.4534964" lon="73.3882105" />
      <trkpt lat="18.4535778" lon="73.3881676" />
      <trkpt lat="18.4536949" lon="73.3880657" />
      <trkpt lat="18.4535626" lon="73.3879852" />
      <trkpt lat="18.4534608" lon="73.3878565" />
      <trkpt lat="18.4535524" lon="73.3877546" />
      <trkpt lat="18.453756" lon="73.3877546" />
      <trkpt lat="18.4537696" lon="73.3877452" />
      <trkpt lat="18.4539341" lon="73.3876312" />
      <trkpt lat="18.4540969" lon="73.3875292" />
      <trkpt lat="18.4542648" lon="73.3874488" />
      <trkpt lat="18.4544175" lon="73.3874005" />
      <trkpt lat="18.4546566" lon="73.387379" />
      <trkpt lat="18.4548398" lon="73.38732" />
      <trkpt lat="18.4549874" lon="73.3872503" />
      <trkpt lat="18.4551146" lon="73.3871752" />
      <trkpt lat="18.4552774" lon="73.3870947" />
      <trkpt lat="18.4555624" lon="73.3870572" />
      <trkpt lat="18.4557456" lon="73.3870465" />
      <trkpt lat="18.4558401" lon="73.3870286" />
      <trkpt lat="18.455944" lon="73.3870089" />
      <trkpt lat="18.4560076" lon="73.3869566" />
    </trkseg>
    <trkseg>
      <trkpt lat="18.4564902" lon="73.3881526" />
      <trkpt lat="18.4569566" lon="73.388012" />
      <trkpt lat="18.4570177" lon="73.3879209" />
      <trkpt lat="18.4576181" lon="73.387422" />
      <trkpt lat="18.4579692" lon="73.3872664" />
      <trkpt lat="18.4592006" lon="73.3869982" />
      <trkpt lat="18.4600301" lon="73.3866656" />
      <trkpt lat="18.4608671" lon="73.3863062" />
      <trkpt lat="18.460979" lon="73.3861881" />
    </trkseg>
    <trkseg>
      <trkpt lat="18.4560076" lon="73.3869566" />
      <trkpt lat="18.456131" lon="73.3872288" />
      <trkpt lat="18.4562634" lon="73.387544" />
      <trkpt lat="18.4564261" lon="73.387953" />
      <trkpt lat="18.4564902" lon="73.3881526" />
    </trkseg>
    <trkseg>
      <trkpt lat="18.4564902" lon="73.3881526" />
      <trkpt lat="18.4565648" lon="73.3883634" />
      <trkpt lat="18.4568549" lon="73.3883446" />
      <trkpt lat="18.4572161" lon="73.3881944" />
      <trkpt lat="18.457552" lon="73.3879209" />
      <trkpt lat="18.4576588" lon="73.3884358" />
      <trkpt lat="18.4578319" lon="73.3889401" />
      <trkpt lat="18.4582491" lon="73.3889615" />
      <trkpt lat="18.4584425" lon="73.3891117" />
      <trkpt lat="18.4590429" lon="73.3891225" />
      <trkpt lat="18.459684" lon="73.3892512" />
      <trkpt lat="18.4602132" lon="73.3891654" />
      <trkpt lat="18.4606763" lon="73.389101" />
      <trkpt lat="18.461063" lon="73.3890903" />
      <trkpt lat="18.4609968" lon="73.3891976" />
      <trkpt lat="18.4607628" lon="73.3893049" />
      <trkpt lat="18.460778" lon="73.3895248" />
    </trkseg>
    <trkseg>
      <trkpt lat="18.4625501" lon="73.3811925" />
      <trkpt lat="18.4625971" lon="73.3812194" />
      <trkpt lat="18.4626887" lon="73.3812676" />
      <trkpt lat="18.462807" lon="73.3812878" />
      <trkpt lat="18.4629648" lon="73.3813146" />
      <trkpt lat="18.4631352" lon="73.3813521" />
      <trkpt lat="18.4632599" lon="73.381391" />
      <trkpt lat="18.4634151" lon="73.3813897" />
      <trkpt lat="18.4635995" lon="73.3814205" />
      <trkpt lat="18.463756" lon="73.3814165" />
      <trkpt lat="18.4638577" lon="73.3813736" />
      <trkpt lat="18.463943" lon="73.3812824" />
      <trkpt lat="18.4640397" lon="73.3811858" />
      <trkpt lat="18.4641541" lon="73.381151" />
      <trkpt lat="18.4642635" lon="73.3811831" />
    </trkseg>
    <trkseg>
      <trkpt lat="18.4609816" lon="73.3855015" />
      <trkpt lat="18.4611088" lon="73.3851796" />
      <trkpt lat="18.4614243" lon="73.384729" />
      <trkpt lat="18.462157" lon="73.3838117" />
      <trkpt lat="18.4628185" lon="73.3829695" />
      <trkpt lat="18.4633578" lon="73.382256" />
      <trkpt lat="18.4637751" lon="73.381741" />
      <trkpt lat="18.4642635" lon="73.3811831" />
    </trkseg>
    <trkseg>
      <trkpt lat="18.460979" lon="73.3861881" />
      <trkpt lat="18.4609816" lon="73.3855015" />
    </trkseg>
    <trkseg>
      <trkpt lat="18.4642635" lon="73.3811831" />
      <trkpt lat="18.4644722" lon="73.3811992" />
      <trkpt lat="18.464663" lon="73.38121" />
      <trkpt lat="18.4649047" lon="73.3812609" />
      <trkpt lat="18.4650904" lon="73.3812287" />
      <trkpt lat="18.4654033" lon="73.3812153" />
      <trkpt lat="18.4655967" lon="73.3812609" />
      <trkpt lat="18.4658918" lon="73.3813199" />
      <trkpt lat="18.4660978" lon="73.3813682" />
      <trkpt lat="18.4663039" lon="73.3813521" />
      <trkpt lat="18.4665405" lon="73.3813709" />
      <trkpt lat="18.4667161" lon="73.3813789" />
      <trkpt lat="18.466973" lon="73.3813655" />
      <trkpt lat="18.4671333" lon="73.3813494" />
      <trkpt lat="18.4673139" lon="73.381336" />
      <trkpt lat="18.4674767" lon="73.3813843" />
      <trkpt lat="18.4676828" lon="73.3814648" />
      <trkpt lat="18.46781" lon="73.3815023" />
      <trkpt lat="18.4680339" lon="73.381446" />
      <trkpt lat="18.4681611" lon="73.381387" />
      <trkpt lat="18.468329" lon="73.3812824" />
      <trkpt lat="18.4684308" lon="73.381269" />
      <trkpt lat="18.4685325" lon="73.3813146" />
      <trkpt lat="18.4687106" lon="73.3812261" />
      <trkpt lat="18.4688353" lon="73.3811536" />
      <trkpt lat="18.4690108" lon="73.3811241" />
      <trkpt lat="18.4691482" lon="73.3811322" />
      <trkpt lat="18.4693466" lon="73.381151" />
      <trkpt lat="18.469568" lon="73.3811161" />
      <trkpt lat="18.4697308" lon="73.3811617" />
      <trkpt lat="18.4697995" lon="73.3812582" />
      <trkpt lat="18.4698453" lon="73.381395" />
      <trkpt lat="18.4698656" lon="73.381623" />
      <trkpt lat="18.4698682" lon="73.3818081" />
      <trkpt lat="18.4698885" lon="73.3818859" />
      <trkpt lat="18.4699521" lon="73.381902" />
      <trkpt lat="18.470087" lon="73.381902" />
      <trkpt lat="18.4702752" lon="73.3818242" />
      <trkpt lat="18.4704177" lon="73.3817571" />
      <trkpt lat="18.4705627" lon="73.3816713" />
      <trkpt lat="18.4707077" lon="73.3816472" />
      <trkpt lat="18.4708374" lon="73.3816311" />
      <trkpt lat="18.4710766" lon="73.3816338" />
      <trkpt lat="18.4711809" lon="73.3817008" />
      <trkpt lat="18.4712343" lon="73.3817866" />
      <trkpt lat="18.4712725" lon="73.3819073" />
      <trkpt lat="18.4713208" lon="73.382028" />
      <trkpt lat="18.4714124" lon="73.3820978" />
      <trkpt lat="18.4714887" lon="73.3821353" />
      <trkpt lat="18.4715905" lon="73.3821702" />
      <trkpt lat="18.4716465" lon="73.3821622" />
      <trkpt lat="18.4717457" lon="73.382189" />
      <trkpt lat="18.471883" lon="73.3822748" />
      <trkpt lat="18.4720891" lon="73.382366" />
      <trkpt lat="18.4721807" lon="73.3823553" />
      <trkpt lat="18.4723054" lon="73.3822346" />
      <trkpt lat="18.4724682" lon="73.3820549" />
      <trkpt lat="18.4726615" lon="73.3820817" />
      <trkpt lat="18.472832" lon="73.3821139" />
      <trkpt lat="18.4728727" lon="73.3821434" />
      <trkpt lat="18.4729948" lon="73.3822185" />
      <trkpt lat="18.4732161" lon="73.382197" />
      <trkpt lat="18.4734578" lon="73.382071" />
      <trkpt lat="18.473613" lon="73.3819824" />
      <trkpt lat="18.4737656" lon="73.3818966" />
      <trkpt lat="18.4739182" lon="73.3818671" />
      <trkpt lat="18.4740505" lon="73.3818644" />
      <trkpt lat="18.4742006" lon="73.3818483" />
      <trkpt lat="18.4743787" lon="73.3817786" />
      <trkpt lat="18.4745339" lon="73.3817196" />
      <trkpt lat="18.4746789" lon="73.3816686" />
      <trkpt lat="18.4748519" lon="73.3816123" />
      <trkpt lat="18.4749765" lon="73.3815801" />
      <trkpt lat="18.4751037" lon="73.381497" />
      <trkpt lat="18.4751533" lon="73.3814111" />
      <trkpt lat="18.4751941" lon="73.3813602" />
      <trkpt lat="18.4753123" lon="73.3812918" />
      <trkpt lat="18.475409" lon="73.3812408" />
      <trkpt lat="18.4754892" lon="73.3812046" />
      <trkpt lat="18.4755712" lon="73.3811939" />
      <trkpt lat="18.4757041" lon="73.3811932" />
      <trkpt lat="18.4757804" lon="73.3811992" />
      <trkpt lat="18.4758491" lon="73.3811322" />
      <trkpt lat="18.4759102" lon="73.3810839" />
      <trkpt lat="18.4760196" lon="73.3810598" />
      <trkpt lat="18.47619" lon="73.3811215" />
      <trkpt lat="18.4762994" lon="73.3810812" />
      <trkpt lat="18.4764393" lon="73.3809257" />
      <trkpt lat="18.4765767" lon="73.3809069" />
      <trkpt lat="18.4767319" lon="73.3809203" />
      <trkpt lat="18.4768387" lon="73.3808559" />
      <trkpt lat="18.4769583" lon="73.3807701" />
      <trkpt lat="18.477088" lon="73.380695" />
      <trkpt lat="18.4772356" lon="73.3806092" />
      <trkpt lat="18.4774442" lon="73.3805528" />
      <trkpt lat="18.4775332" lon="73.3805045" />
      <trkpt lat="18.4775866" lon="73.3804241" />
      <trkpt lat="18.4776706" lon="73.3804455" />
      <trkpt lat="18.4777774" lon="73.3804938" />
      <trkpt lat="18.4778716" lon="73.3804804" />
      <trkpt lat="18.4779886" lon="73.3804429" />
      <trkpt lat="18.4780598" lon="73.3804563" />
      <trkpt lat="18.4781768" lon="73.3803919" />
      <trkpt lat="18.4782481" lon="73.3802363" />
      <trkpt lat="18.4783651" lon="73.380129" />
      <trkpt lat="18.478416" lon="73.3800432" />
      <trkpt lat="18.4786398" lon="73.380003" />
      <trkpt lat="18.4787645" lon="73.3799493" />
      <trkpt lat="18.4787899" lon="73.3798152" />
      <trkpt lat="18.4788383" lon="73.3797026" />
      <trkpt lat="18.4789451" lon="73.3796409" />
      <trkpt lat="18.4790545" lon="73.3796462" />
      <trkpt lat="18.4791257" lon="73.3797267" />
      <trkpt lat="18.4791842" lon="73.3798608" />
      <trkpt lat="18.4792682" lon="73.3800459" />
      <trkpt lat="18.4793801" lon="73.3801612" />
      <trkpt lat="18.4795277" lon="73.3802631" />
      <trkpt lat="18.4797057" lon="73.3803409" />
      <trkpt lat="18.479866" lon="73.3802846" />
      <trkpt lat="18.4800771" lon="73.3802363" />
      <trkpt lat="18.4802323" lon="73.3801585" />
      <trkpt lat="18.4803493" lon="73.3800861" />
      <trkpt lat="18.4804613" lon="73.3801049" />
      <trkpt lat="18.4806114" lon="73.3800834" />
      <trkpt lat="18.4806597" lon="73.3800083" />
      <trkpt lat="18.4807055" lon="73.3799171" />
      <trkpt lat="18.4808505" lon="73.3798259" />
      <trkpt lat="18.4809268" lon="73.3797643" />
      <trkpt lat="18.4810565" lon="73.3797374" />
      <trkpt lat="18.4811583" lon="73.3796784" />
      <trkpt lat="18.4812397" lon="73.3795711" />
      <trkpt lat="18.4814" lon="73.3795953" />
      <trkpt lat="18.4815475" lon="73.3796409" />
    </trkseg>
    <trkseg>
      <trkpt lat="18.460778" lon="73.3895248" />
      <trkpt lat="18.4608187" lon="73.3896589" />
      <trkpt lat="18.461063" lon="73.3897716" />
      <trkpt lat="18.4613836" lon="73.3898789" />
      <trkpt lat="18.461582" lon="73.3899593" />
      <trkpt lat="18.4617245" lon="73.3902061" />
      <trkpt lat="18.4617804" lon="73.3904529" />
      <trkpt lat="18.4618466" lon="73.3906835" />
      <trkpt lat="18.4619789" lon="73.3908927" />
      <trkpt lat="18.4621265" lon="73.3910054" />
      <trkpt lat="18.4622486" lon="73.391059" />
      <trkpt lat="18.4624216" lon="73.3910322" />
      <trkpt lat="18.4626098" lon="73.3910966" />
      <trkpt lat="18.462793" lon="73.3910966" />
      <trkpt lat="18.4631187" lon="73.391102" />
      <trkpt lat="18.4633171" lon="73.39122" />
      <trkpt lat="18.463597" lon="73.3912897" />
      <trkpt lat="18.4638717" lon="73.3912414" />
      <trkpt lat="18.4641007" lon="73.3911073" />
      <trkpt lat="18.4642941" lon="73.3910322" />
      <trkpt lat="18.4644213" lon="73.3908927" />
      <trkpt lat="18.464523" lon="73.3908069" />
      <trkpt lat="18.4646757" lon="73.3907962" />
      <trkpt lat="18.4648894" lon="73.3908713" />
      <trkpt lat="18.4651794" lon="73.3909035" />
      <trkpt lat="18.4654287" lon="73.3909517" />
      <trkpt lat="18.4656221" lon="73.3909893" />
      <trkpt lat="18.4657544" lon="73.3910751" />
      <trkpt lat="18.4659376" lon="73.391102" />
      <trkpt lat="18.4661258" lon="73.3910429" />
      <trkpt lat="18.4663192" lon="73.3910054" />
      <trkpt lat="18.4664718" lon="73.391" />
      <trkpt lat="18.4665685" lon="73.3909625" />
      <trkpt lat="18.4666957" lon="73.3909517" />
      <trkpt lat="18.4668026" lon="73.391" />
      <trkpt lat="18.4669349" lon="73.3910644" />
      <trkpt lat="18.4670519" lon="73.3910644" />
      <trkpt lat="18.467174" lon="73.3911073" />
      <trkpt lat="18.4673826" lon="73.3912146" />
      <trkpt lat="18.4675709" lon="73.3912361" />
      <trkpt lat="18.4677337" lon="73.3912736" />
      <trkpt lat="18.46781" lon="73.391338" />
      <trkpt lat="18.4678914" lon="73.3914614" />
      <trkpt lat="18.4680135" lon="73.3915687" />
      <trkpt lat="18.4681764" lon="73.3916545" />
      <trkpt lat="18.4682781" lon="73.3916706" />
      <trkpt lat="18.4684206" lon="73.3916706" />
      <trkpt lat="18.4686089" lon="73.3916706" />
      <trkpt lat="18.4687971" lon="73.3916706" />
      <trkpt lat="18.4689905" lon="73.3916706" />
      <trkpt lat="18.4691991" lon="73.3916706" />
      <trkpt lat="18.4694484" lon="73.3916491" />
      <trkpt lat="18.4697028" lon="73.3916008" />
      <trkpt lat="18.4698758" lon="73.3915096" />
      <trkpt lat="18.4700284" lon="73.3914345" />
      <trkpt lat="18.4701302" lon="73.3913219" />
      <trkpt lat="18.4702625" lon="73.3912361" />
      <trkpt lat="18.4703897" lon="73.3911395" />
      <trkpt lat="18.4705322" lon="73.3910429" />
      <trkpt lat="18.4706594" lon="73.3909893" />
      <trkpt lat="18.4709036" lon="73.3910322" />
      <trkpt lat="18.471158" lon="73.3912361" />
      <trkpt lat="18.4714124" lon="73.3915204" />
      <trkpt lat="18.4714989" lon="73.3916277" />
      <trkpt lat="18.4715701" lon="73.3917242" />
      <trkpt lat="18.4715905" lon="73.3918637" />
      <trkpt lat="18.471621" lon="73.3920515" />
      <trkpt lat="18.4716719" lon="73.3921426" />
      <trkpt lat="18.4717991" lon="73.3921534" />
      <trkpt lat="18.4719212" lon="73.3921212" />
      <trkpt lat="18.4720433" lon="73.3919656" />
      <trkpt lat="18.4721247" lon="73.3918691" />
      <trkpt lat="18.4722418" lon="73.3917671" />
      <trkpt lat="18.4724249" lon="73.3917403" />
      <trkpt lat="18.4725979" lon="73.3917403" />
      <trkpt lat="18.472776" lon="73.3917618" />
      <trkpt lat="18.4730558" lon="73.3918047" />
      <trkpt lat="18.4731322" lon="73.391912" />
      <trkpt lat="18.4732136" lon="73.3920461" />
      <trkpt lat="18.4732848" lon="73.3921695" />
      <trkpt lat="18.4734323" lon="73.3921266" />
      <trkpt lat="18.4736308" lon="73.3922821" />
      <trkpt lat="18.4737376" lon="73.3924591" />
      <trkpt lat="18.4738852" lon="73.3926308" />
      <trkpt lat="18.4740276" lon="73.3927166" />
      <trkpt lat="18.4741447" lon="73.3928776" />
      <trkpt lat="18.4743075" lon="73.3930117" />
      <trkpt lat="18.4744499" lon="73.3931136" />
      <trkpt lat="18.4745771" lon="73.3932048" />
      <trkpt lat="18.4746993" lon="73.393296" />
      <trkpt lat="18.474801" lon="73.3933604" />
      <trkpt lat="18.4748722" lon="73.3934945" />
      <trkpt lat="18.4749384" lon="73.39365" />
      <trkpt lat="18.4750503" lon="73.3937573" />
      <trkpt lat="18.4751165" lon="73.3939236" />
      <trkpt lat="18.4752538" lon="73.3940846" />
      <trkpt lat="18.475437" lon="73.3940309" />
      <trkpt lat="18.4756049" lon="73.3939773" />
      <trkpt lat="18.4757118" lon="73.3939129" />
      <trkpt lat="18.4758847" lon="73.3939129" />
      <trkpt lat="18.4760781" lon="73.3939558" />
      <trkpt lat="18.4762053" lon="73.3940577" />
      <trkpt lat="18.476307" lon="73.3942079" />
      <trkpt lat="18.4764292" lon="73.3943206" />
      <trkpt lat="18.4765207" lon="73.3944386" />
      <trkpt lat="18.4766378" lon="73.3945513" />
      <trkpt lat="18.47677" lon="73.3947015" />
      <trkpt lat="18.4769379" lon="73.3949268" />
      <trkpt lat="18.4771872" lon="73.3950502" />
      <trkpt lat="18.4774162" lon="73.3951038" />
      <trkpt lat="18.4776197" lon="73.3952326" />
      <trkpt lat="18.4777164" lon="73.395372" />
      <trkpt lat="18.4778588" lon="73.3954418" />
      <trkpt lat="18.4780318" lon="73.3954793" />
      <trkpt lat="18.4782201" lon="73.3956188" />
      <trkpt lat="18.4783931" lon="73.3956456" />
      <trkpt lat="18.4785101" lon="73.3956939" />
      <trkpt lat="18.4786017" lon="73.3957636" />
      <trkpt lat="18.4787238" lon="73.3958065" />
      <trkpt lat="18.4788662" lon="73.3958656" />
      <trkpt lat="18.4789629" lon="73.3960319" />
      <trkpt lat="18.4790494" lon="73.3961552" />
      <trkpt lat="18.479258" lon="73.3963537" />
      <trkpt lat="18.4793852" lon="73.3964449" />
      <trkpt lat="18.4795785" lon="73.3965576" />
      <trkpt lat="18.4797566" lon="73.3966863" />
      <trkpt lat="18.479894" lon="73.3967882" />
      <trkpt lat="18.4800822" lon="73.396917" />
      <trkpt lat="18.4802196" lon="73.3970243" />
      <trkpt lat="18.4803671" lon="73.3971369" />
      <trkpt lat="18.4804689" lon="73.3972442" />
      <trkpt lat="18.4805605" lon="73.3974373" />
      <trkpt lat="18.480535" lon="73.3976895" />
      <trkpt lat="18.4804791" lon="73.397845" />
      <trkpt lat="18.4804994" lon="73.3980167" />
      <trkpt lat="18.4806012" lon="73.3981776" />
      <trkpt lat="18.4807284" lon="73.3983761" />
      <trkpt lat="18.4808352" lon="73.398537" />
      <trkpt lat="18.4808759" lon="73.3988321" />
      <trkpt lat="18.4808556" lon="73.399052" />
      <trkpt lat="18.4809573" lon="73.39917" />
      <trkpt lat="18.4811303" lon="73.3992398" />
      <trkpt lat="18.4812168" lon="73.3994329" />
      <trkpt lat="18.4812626" lon="73.3995455" />
      <trkpt lat="18.4813236" lon="73.3996582" />
      <trkpt lat="18.4813186" lon="73.399846" />
      <trkpt lat="18.4813287" lon="73.4000659" />
      <trkpt lat="18.4813796" lon="73.4001785" />
      <trkpt lat="18.4813949" lon="73.400436" />
      <trkpt lat="18.4813898" lon="73.4006935" />
      <trkpt lat="18.4813898" lon="73.4009027" />
      <trkpt lat="18.4814254" lon="73.4011388" />
      <trkpt lat="18.4814305" lon="73.4013373" />
      <trkpt lat="18.4814458" lon="73.401525" />
      <trkpt lat="18.481517" lon="73.4017879" />
      <trkpt lat="18.481634" lon="73.4021258" />
      <trkpt lat="18.4816798" lon="73.4022868" />
      <trkpt lat="18.4817205" lon="73.4024209" />
      <trkpt lat="18.4818222" lon="73.4025818" />
      <trkpt lat="18.4818782" lon="73.4026676" />
      <trkpt lat="18.4819393" lon="73.4028339" />
      <trkpt lat="18.4819749" lon="73.403011" />
      <trkpt lat="18.4820258" lon="73.4031451" />
      <trkpt lat="18.4821428" lon="73.4033382" />
      <trkpt lat="18.4822394" lon="73.403483" />
      <trkpt lat="18.4822954" lon="73.4036225" />
      <trkpt lat="18.4821428" lon="73.4039229" />
      <trkpt lat="18.481924" lon="73.4041536" />
      <trkpt lat="18.4817917" lon="73.404336" />
      <trkpt lat="18.48169" lon="73.4046417" />
      <trkpt lat="18.4815322" lon="73.4048241" />
      <trkpt lat="18.481344" lon="73.4049368" />
      <trkpt lat="18.4811557" lon="73.4050655" />
      <trkpt lat="18.4809828" lon="73.4053016" />
      <trkpt lat="18.4807233" lon="73.4054947" />
      <trkpt lat="18.480535" lon="73.4056395" />
      <trkpt lat="18.4803671" lon="73.4057146" />
      <trkpt lat="18.4801789" lon="73.4057897" />
      <trkpt lat="18.4801331" lon="73.4059882" />
      <trkpt lat="18.4800568" lon="73.406235" />
      <trkpt lat="18.4799449" lon="73.4064227" />
      <trkpt lat="18.4798126" lon="73.4066105" />
      <trkpt lat="18.4796498" lon="73.4067339" />
      <trkpt lat="18.4795531" lon="73.4068519" />
    </trkseg>
    <trkseg>
      <trkpt lat="18.4572066" lon="73.4079653" />
      <trkpt lat="18.4572565" lon="73.4081281" />
      <trkpt lat="18.4572494" lon="73.4082853" />
      <trkpt lat="18.4570293" lon="73.4085285" />
      <trkpt lat="18.4570648" lon="73.4087455" />
      <trkpt lat="18.4571784" lon="73.4089102" />
      <trkpt lat="18.4572672" lon="73.4090711" />
      <trkpt lat="18.4571536" lon="73.4093143" />
      <trkpt lat="18.4568803" lon="73.4094415" />
      <trkpt lat="18.4567525" lon="73.4096137" />
      <trkpt lat="18.4570116" lon="73.4095987" />
      <trkpt lat="18.4569158" lon="73.4098419" />
      <trkpt lat="18.4566247" lon="73.4102161" />
      <trkpt lat="18.4565111" lon="73.4102423" />
      <trkpt lat="18.4564401" lon="73.410508" />
      <trkpt lat="18.4563088" lon="73.4104107" />
      <trkpt lat="18.4563088" lon="73.4105753" />
      <trkpt lat="18.4561207" lon="73.4106202" />
      <trkpt lat="18.45611" lon="73.4107512" />
      <trkpt lat="18.4558864" lon="73.4108036" />
      <trkpt lat="18.4556734" lon="73.4109158" />
      <trkpt lat="18.4556663" lon="73.4110468" />
      <trkpt lat="18.4554179" lon="73.4113312" />
      <trkpt lat="18.4551872" lon="73.4113948" />
      <trkpt lat="18.4551091" lon="73.4116006" />
      <trkpt lat="18.4546441" lon="73.4118027" />
      <trkpt lat="18.4542785" lon="73.4120422" />
      <trkpt lat="18.4538135" lon="73.412218" />
      <trkpt lat="18.4533876" lon="73.4125361" />
      <trkpt lat="18.4531568" lon="73.4124837" />
      <trkpt lat="18.4530681" lon="73.4126259" />
      <trkpt lat="18.4525925" lon="73.4129178" />
      <trkpt lat="18.4525179" lon="73.4130862" />
      <trkpt lat="18.4522978" lon="73.4132359" />
      <trkpt lat="18.4521346" lon="73.4133631" />
      <trkpt lat="18.4519287" lon="73.4135427" />
      <trkpt lat="18.4518116" lon="73.4137522" />
      <trkpt lat="18.4516731" lon="73.4138233" />
      <trkpt lat="18.4514105" lon="73.4142312" />
      <trkpt lat="18.4511833" lon="73.4145792" />
      <trkpt lat="18.4510555" lon="73.4152303" />
      <trkpt lat="18.4508106" lon="73.415728" />
      <trkpt lat="18.4506225" lon="73.4159263" />
      <trkpt lat="18.4505586" lon="73.4162556" />
      <trkpt lat="18.4502533" lon="73.4167383" />
      <trkpt lat="18.4500368" lon="73.417004" />
      <trkpt lat="18.449877" lon="73.417322" />
      <trkpt lat="18.4495079" lon="73.4177599" />
      <trkpt lat="18.4492097" lon="73.4179544" />
      <trkpt lat="18.4488015" lon="73.4181153" />
      <trkpt lat="18.4484465" lon="73.4182613" />
      <trkpt lat="18.4480738" lon="73.418411" />
      <trkpt lat="18.4478253" lon="73.4188338" />
      <trkpt lat="18.4474526" lon="73.418961" />
      <trkpt lat="18.4471971" lon="73.4189947" />
      <trkpt lat="18.4471403" lon="73.4193689" />
      <trkpt lat="18.4469734" lon="73.4195635" />
      <trkpt lat="18.4467817" lon="73.4197955" />
      <trkpt lat="18.4467321" lon="73.4200237" />
      <trkpt lat="18.4464658" lon="73.4203418" />
      <trkpt lat="18.4464232" lon="73.4207572" />
      <trkpt lat="18.4461996" lon="73.4210453" />
      <trkpt lat="18.4462848" lon="73.4214906" />
      <trkpt lat="18.4462741" lon="73.4221903" />
      <trkpt lat="18.4461357" lon="73.4223999" />
      <trkpt lat="18.4462067" lon="73.4228115" />
      <trkpt lat="18.4461961" lon="73.4232717" />
      <trkpt lat="18.4460789" lon="73.4234289" />
      <trkpt lat="18.4461925" lon="73.4238106" />
      <trkpt lat="18.4461819" lon="73.4243681" />
      <trkpt lat="18.4461073" lon="73.4248396" />
      <trkpt lat="18.4463132" lon="73.4249706" />
      <trkpt lat="18.4466859" lon="73.4249481" />
      <trkpt lat="18.4466611" lon="73.4252812" />
      <trkpt lat="18.446725" lon="73.4256329" />
      <trkpt lat="18.4467321" lon="73.4262915" />
      <trkpt lat="18.4465439" lon="73.4269388" />
      <trkpt lat="18.4465546" lon="73.4274627" />
      <trkpt lat="18.4463806" lon="73.4275001" />
      <trkpt lat="18.4462457" lon="73.427328" />
      <trkpt lat="18.4461783" lon="73.4271222" />
      <trkpt lat="18.4461088" lon="73.4273185" />
      <trkpt lat="18.4459906" lon="73.4273922" />
    </trkseg>
    <trkseg>
      <trkpt lat="18.4409272" lon="73.4152686" />
      <trkpt lat="18.4410985" lon="73.4153637" />
      <trkpt lat="18.4412308" lon="73.4153637" />
      <trkpt lat="18.4414033" lon="73.4153556" />
      <trkpt lat="18.4414685" lon="73.4151232" />
      <trkpt lat="18.4415911" lon="73.415002" />
      <trkpt lat="18.4416831" lon="73.4148383" />
      <trkpt lat="18.4418033" lon="73.4146138" />
      <trkpt lat="18.4418658" lon="73.4144858" />
      <trkpt lat="18.4421012" lon="73.4144781" />
      <trkpt lat="18.4421012" lon="73.414071" />
      <trkpt lat="18.4423881" lon="73.4138887" />
      <trkpt lat="18.4424175" lon="73.4136018" />
      <trkpt lat="18.4427301" lon="73.4135824" />
      <trkpt lat="18.4432009" lon="73.4136484" />
      <trkpt lat="18.4437159" lon="73.4137608" />
      <trkpt lat="18.4440873" lon="73.4137026" />
      <trkpt lat="18.4443742" lon="73.4136018" />
      <trkpt lat="18.4446722" lon="73.4136212" />
      <trkpt lat="18.4451466" lon="73.4136251" />
      <trkpt lat="18.4454298" lon="73.4135127" />
      <trkpt lat="18.4455917" lon="73.4134584" />
      <trkpt lat="18.4458565" lon="73.4133304" />
      <trkpt lat="18.4463787" lon="73.4132335" />
      <trkpt lat="18.446581" lon="73.4132413" />
      <trkpt lat="18.4468863" lon="73.4131017" />
      <trkpt lat="18.4470297" lon="73.4129892" />
      <trkpt lat="18.4472173" lon="73.4130009" />
      <trkpt lat="18.4474858" lon="73.4130009" />
      <trkpt lat="18.4477212" lon="73.4128574" />
      <trkpt lat="18.447986" lon="73.4128613" />
      <trkpt lat="18.4482619" lon="73.4128535" />
      <trkpt lat="18.4485046" lon="73.412838" />
      <trkpt lat="18.4487142" lon="73.4127101" />
      <trkpt lat="18.4488908" lon="73.4126519" />
      <trkpt lat="18.4491519" lon="73.4127295" />
      <trkpt lat="18.4497404" lon="73.4129854" />
      <trkpt lat="18.4499353" lon="73.413187" />
      <trkpt lat="18.4503399" lon="73.4133498" />
      <trkpt lat="18.4506525" lon="73.4137298" />
      <trkpt lat="18.450818" lon="73.4137918" />
      <trkpt lat="18.4509026" lon="73.414102" />
      <trkpt lat="18.4508916" lon="73.4145169" />
      <trkpt lat="18.4507665" lon="73.4148813" />
      <trkpt lat="18.4506746" lon="73.4153466" />
      <trkpt lat="18.4507555" lon="73.415459" />
      <trkpt lat="18.4508106" lon="73.415728" />
    </trkseg>
    <trkseg>
      <trkpt lat="18.4437159" lon="73.4253269" />
      <trkpt lat="18.4439042" lon="73.4253967" />
      <trkpt lat="18.4441026" lon="73.4255093" />
      <trkpt lat="18.4443113" lon="73.4256327" />
      <trkpt lat="18.4445047" lon="73.4257668" />
      <trkpt lat="18.4447846" lon="73.4258795" />
      <trkpt lat="18.4449932" lon="73.4259921" />
      <trkpt lat="18.4452018" lon="73.4260404" />
      <trkpt lat="18.4453901" lon="73.4261262" />
      <trkpt lat="18.4455173" lon="73.4262711" />
      <trkpt lat="18.4456497" lon="73.4264535" />
      <trkpt lat="18.4458125" lon="73.4265983" />
      <trkpt lat="18.4459397" lon="73.4267914" />
      <trkpt lat="18.4460059" lon="73.4270167" />
      <trkpt lat="18.4460008" lon="73.4272635" />
      <trkpt lat="18.4459906" lon="73.4273922" />
      <trkpt lat="18.445726" lon="73.4275263" />
      <trkpt lat="18.4455581" lon="73.4276229" />
      <trkpt lat="18.4455581" lon="73.427698" />
      <trkpt lat="18.4454715" lon="73.427816" />
      <trkpt lat="18.4453596" lon="73.4278536" />
      <trkpt lat="18.4453341" lon="73.4279662" />
      <trkpt lat="18.4452883" lon="73.4280842" />
      <trkpt lat="18.4452324" lon="73.428213" />
      <trkpt lat="18.4452375" lon="73.4285563" />
      <trkpt lat="18.4451815" lon="73.428787" />
      <trkpt lat="18.4452375" lon="73.4290659" />
    </trkseg>
    <trkseg>
      <trkpt lat="18.4452375" lon="73.4290659" />
      <trkpt lat="18.4451917" lon="73.4293503" />
      <trkpt lat="18.4452222" lon="73.4296936" />
      <trkpt lat="18.4451917" lon="73.4299725" />
      <trkpt lat="18.4451408" lon="73.4301335" />
      <trkpt lat="18.4450644" lon="73.4302944" />
      <trkpt lat="18.445039" lon="73.4306645" />
      <trkpt lat="18.4450644" lon="73.4309435" />
      <trkpt lat="18.445039" lon="73.4311125" />
    </trkseg>
    <trkseg>
      <trkpt lat="18.4516731" lon="73.4138233" />
      <trkpt lat="18.4513349" lon="73.4137524" />
      <trkpt lat="18.4511094" lon="73.4139329" />
      <trkpt lat="18.450864" lon="73.4137584" />
      <trkpt lat="18.450818" lon="73.4137918" />
    </trkseg>
    <trkseg>
      <trkpt lat="18.4731474" lon="73.4075331" />
      <trkpt lat="18.4728421" lon="73.4075922" />
      <trkpt lat="18.4724299" lon="73.4073561" />
      <trkpt lat="18.4719769" lon="73.4072864" />
      <trkpt lat="18.4717988" lon="73.4072864" />
      <trkpt lat="18.4714019" lon="73.4074795" />
      <trkpt lat="18.4713052" lon="73.4075224" />
      <trkpt lat="18.4706946" lon="73.4076297" />
      <trkpt lat="18.4699618" lon="73.4078014" />
      <trkpt lat="18.4692745" lon="73.4080751" />
      <trkpt lat="18.4691577" lon="73.4075439" />
      <trkpt lat="18.4689745" lon="73.406605" />
      <trkpt lat="18.4689949" lon="73.4065514" />
      <trkpt lat="18.4690763" lon="73.4064924" />
      <trkpt lat="18.4692595" lon="73.4064441" />
      <trkpt lat="18.4694325" lon="73.4064226" />
      <trkpt lat="18.4695241" lon="73.4063744" />
      <trkpt lat="18.4697226" lon="73.4062295" />
      <trkpt lat="18.4698244" lon="73.4061812" />
      <trkpt lat="18.4699618" lon="73.406149" />
      <trkpt lat="18.4703282" lon="73.4061276" />
      <trkpt lat="18.4705419" lon="73.4061437" />
      <trkpt lat="18.471178" lon="73.406487" />
      <trkpt lat="18.4714986" lon="73.406605" />
      <trkpt lat="18.4716309" lon="73.4065728" />
      <trkpt lat="18.4716614" lon="73.4065299" />
      <trkpt lat="18.471692" lon="73.4064334" />
      <trkpt lat="18.4716665" lon="73.4063314" />
      <trkpt lat="18.4715902" lon="73.4062241" />
      <trkpt lat="18.4714732" lon="73.4061222" />
      <trkpt lat="18.4713205" lon="73.4060471" />
      <trkpt lat="18.4709999" lon="73.4059291" />
      <trkpt lat="18.4707353" lon="73.4057306" />
      <trkpt lat="18.4705673" lon="73.4056608" />
      <trkpt lat="18.4704706" lon="73.4056447" />
      <trkpt lat="18.4700992" lon="73.4056501" />
      <trkpt lat="18.4699058" lon="73.4056072" />
      <trkpt lat="18.4697633" lon="73.4056286" />
      <trkpt lat="18.4694783" lon="73.4057735" />
      <trkpt lat="18.4693816" lon="73.4058057" />
      <trkpt lat="18.4691526" lon="73.4058432" />
      <trkpt lat="18.4686285" lon="73.4061437" />
      <trkpt lat="18.4685013" lon="73.4064709" />
    </trkseg>
    <trkseg>
      <trkpt lat="18.469687" lon="73.4066533" />
      <trkpt lat="18.4698956" lon="73.4075278" />
      <trkpt lat="18.4699618" lon="73.4078014" />
    </trkseg>
    <trkseg>
      <trkpt lat="18.4706946" lon="73.4076297" />
      <trkpt lat="18.4703689" lon="73.406487" />
    </trkseg>
    <trkseg>
      <trkpt lat="18.4714019" lon="73.4074795" />
      <trkpt lat="18.4712136" lon="73.4068947" />
      <trkpt lat="18.4711627" lon="73.4066319" />
      <trkpt lat="18.471178" lon="73.406487" />
    </trkseg>
    <trkseg>
      <trkpt lat="18.4672086" lon="73.4088637" />
      <trkpt lat="18.4663181" lon="73.4089602" />
      <trkpt lat="18.4649048" lon="73.4089228" />
    </trkseg>
    <trkseg>
      <trkpt lat="18.4692745" lon="73.4080751" />
      <trkpt lat="18.4685825" lon="73.4083433" />
      <trkpt lat="18.467921" lon="73.4086813" />
      <trkpt lat="18.4675088" lon="73.4088154" />
      <trkpt lat="18.4672086" lon="73.4088637" />
      <trkpt lat="18.4669694" lon="73.407839" />
    </trkseg>
    <trkseg>
      <trkpt lat="18.4698956" lon="73.4075278" />
      <trkpt lat="18.4698498" lon="73.4075439" />
      <trkpt lat="18.4691577" lon="73.4075439" />
      <trkpt lat="18.4684656" lon="73.4075117" />
      <trkpt lat="18.4684046" lon="73.4075278" />
      <trkpt lat="18.468084" lon="73.4075117" />
      <trkpt lat="18.4678092" lon="73.4075868" />
      <trkpt lat="18.4676972" lon="73.4076458" />
      <trkpt lat="18.467682" lon="73.407737" />
      <trkpt lat="18.467921" lon="73.4086813" />
    </trkseg>
    <trkseg>
      <trkpt lat="18.4684046" lon="73.4075278" />
      <trkpt lat="18.4685825" lon="73.4083433" />
    </trkseg>
    <trkseg>
      <trkpt lat="18.4939993" lon="73.3869982" />
      <trkpt lat="18.4941748" lon="73.3872744" />
      <trkpt lat="18.4943147" lon="73.3874193" />
      <trkpt lat="18.4945411" lon="73.3876714" />
      <trkpt lat="18.4947446" lon="73.3878618" />
      <trkpt lat="18.4949634" lon="73.3881703" />
      <trkpt lat="18.4954492" lon="73.3886129" />
      <trkpt lat="18.4956731" lon="73.3888087" />
      <trkpt lat="18.496136" lon="73.3894685" />
      <trkpt lat="18.4964285" lon="73.3899567" />
      <trkpt lat="18.4966295" lon="73.3903214" />
      <trkpt lat="18.4967287" lon="73.3905494" />
      <trkpt lat="18.4967516" lon="73.3908606" />
      <trkpt lat="18.4968152" lon="73.3910644" />
      <trkpt lat="18.496833" lon="73.3912897" />
      <trkpt lat="18.4967999" lon="73.3914238" />
      <trkpt lat="18.4968101" lon="73.3916143" />
      <trkpt lat="18.4968635" lon="73.3919522" />
      <trkpt lat="18.4969424" lon="73.3921239" />
      <trkpt lat="18.4969322" lon="73.3921909" />
      <trkpt lat="18.4969017" lon="73.3923224" />
      <trkpt lat="18.4969271" lon="73.3924752" />
      <trkpt lat="18.4969703" lon="73.3926174" />
      <trkpt lat="18.4970543" lon="73.3927354" />
      <trkpt lat="18.4970975" lon="73.3928776" />
      <trkpt lat="18.4971636" lon="73.3929688" />
      <trkpt lat="18.4972501" lon="73.393127" />
      <trkpt lat="18.4972857" lon="73.3933309" />
      <trkpt lat="18.4973035" lon="73.3934972" />
      <trkpt lat="18.4972985" lon="73.3936474" />
      <trkpt lat="18.4973442" lon="73.3938083" />
      <trkpt lat="18.4973722" lon="73.393929" />
      <trkpt lat="18.4974816" lon="73.3941516" />
      <trkpt lat="18.4975528" lon="73.3942482" />
      <trkpt lat="18.497619" lon="73.3944172" />
      <trkpt lat="18.4977232" lon="73.3945245" />
      <trkpt lat="18.4978479" lon="73.3946907" />
      <trkpt lat="18.4979802" lon="73.3949697" />
      <trkpt lat="18.4981073" lon="73.3951521" />
      <trkpt lat="18.4982803" lon="73.3954123" />
      <trkpt lat="18.4984024" lon="73.3955759" />
      <trkpt lat="18.4985067" lon="73.3956993" />
      <trkpt lat="18.4986262" lon="73.395761" />
      <trkpt lat="18.4987051" lon="73.3958897" />
      <trkpt lat="18.4987483" lon="73.396005" />
      <trkpt lat="18.4988501" lon="73.396115" />
      <trkpt lat="18.4989747" lon="73.3962196" />
      <trkpt lat="18.4990561" lon="73.3963564" />
      <trkpt lat="18.4991248" lon="73.3965388" />
      <trkpt lat="18.4992774" lon="73.3968258" />
      <trkpt lat="18.4995521" lon="73.3970752" />
      <trkpt lat="18.499809" lon="73.3973153" />
      <trkpt lat="18.4998955" lon="73.3974051" />
      <trkpt lat="18.4999769" lon="73.3974682" />
      <trkpt lat="18.5000863" lon="73.3975594" />
      <trkpt lat="18.5001791" lon="73.3976197" />
      <trkpt lat="18.5002414" lon="73.3977364" />
      <trkpt lat="18.5003279" lon="73.3978356" />
      <trkpt lat="18.5004195" lon="73.3979067" />
      <trkpt lat="18.5004996" lon="73.3979148" />
      <trkpt lat="18.5006662" lon="73.3979523" />
      <trkpt lat="18.5007362" lon="73.3980542" />
      <trkpt lat="18.5007845" lon="73.3981736" />
      <trkpt lat="18.5008532" lon="73.3983225" />
      <trkpt lat="18.5009346" lon="73.3984552" />
      <trkpt lat="18.5010109" lon="73.3985236" />
      <trkpt lat="18.5011152" lon="73.3986162" />
      <trkpt lat="18.5011978" lon="73.3987141" />
      <trkpt lat="18.5012118" lon="73.3988455" />
      <trkpt lat="18.5012385" lon="73.3989461" />
      <trkpt lat="18.5012843" lon="73.3990413" />
      <trkpt lat="18.5013453" lon="73.3990909" />
      <trkpt lat="18.5014458" lon="73.3990963" />
      <trkpt lat="18.5015819" lon="73.3991271" />
      <trkpt lat="18.5017765" lon="73.3991311" />
      <trkpt lat="18.5020118" lon="73.3991553" />
      <trkpt lat="18.5021936" lon="73.39917" />
      <trkpt lat="18.5023869" lon="73.3991177" />
      <trkpt lat="18.5025154" lon="73.3990949" />
      <trkpt lat="18.5026273" lon="73.3991553" />
      <trkpt lat="18.5027659" lon="73.3991794" />
      <trkpt lat="18.5029046" lon="73.3991835" />
      <trkpt lat="18.503005" lon="73.3991969" />
      <trkpt lat="18.5031055" lon="73.3991781" />
      <trkpt lat="18.5032212" lon="73.3991218" />
      <trkpt lat="18.5033599" lon="73.3991419" />
      <trkpt lat="18.5034438" lon="73.3992062" />
      <trkpt lat="18.5034807" lon="73.3992773" />
      <trkpt lat="18.5035519" lon="73.3993618" />
      <trkpt lat="18.5036574" lon="73.3994316" />
      <trkpt lat="18.5037274" lon="73.3994839" />
      <trkpt lat="18.5039131" lon="73.399508" />
      <trkpt lat="18.5039589" lon="73.3995295" />
      <trkpt lat="18.5041318" lon="73.3996072" />
      <trkpt lat="18.5042323" lon="73.399689" />
      <trkpt lat="18.5043073" lon="73.3996917" />
      <trkpt lat="18.5044014" lon="73.399685" />
      <trkpt lat="18.5044561" lon="73.3997226" />
      <trkpt lat="18.5045451" lon="73.3998795" />
      <trkpt lat="18.5046214" lon="73.3999626" />
      <trkpt lat="18.5047486" lon="73.4000565" />
      <trkpt lat="18.5048529" lon="73.4001209" />
      <trkpt lat="18.5049356" lon="73.4001383" />
      <trkpt lat="18.5051543" lon="73.4002067" />
      <trkpt lat="18.5052624" lon="73.400251" />
      <trkpt lat="18.5053743" lon="73.4002228" />
      <trkpt lat="18.5055066" lon="73.4002228" />
      <trkpt lat="18.5055816" lon="73.4002013" />
      <trkpt lat="18.5056986" lon="73.400145" />
      <trkpt lat="18.5058169" lon="73.4002107" />
      <trkpt lat="18.5059759" lon="73.4004253" />
      <trkpt lat="18.5061387" lon="73.4005795" />
      <trkpt lat="18.5062188" lon="73.4006318" />
      <trkpt lat="18.5062951" lon="73.4006935" />
      <trkpt lat="18.5063676" lon="73.4007995" />
      <trkpt lat="18.5064884" lon="73.4008571" />
      <trkpt lat="18.5065749" lon="73.4008974" />
      <trkpt lat="18.5067936" lon="73.4010838" />
      <trkpt lat="18.5069475" lon="73.4011629" />
      <trkpt lat="18.5069882" lon="73.4013346" />
      <trkpt lat="18.5069589" lon="73.4014244" />
      <trkpt lat="18.5069004" lon="73.4014982" />
      <trkpt lat="18.5068356" lon="73.4015854" />
      <trkpt lat="18.5068432" lon="73.4016725" />
      <trkpt lat="18.5069589" lon="73.4018053" />
      <trkpt lat="18.5069856" lon="73.401871" />
      <trkpt lat="18.5070149" lon="73.4019944" />
      <trkpt lat="18.5070963" lon="73.4021795" />
      <trkpt lat="18.5070645" lon="73.4022546" />
      <trkpt lat="18.50702" lon="73.4023686" />
      <trkpt lat="18.5070772" lon="73.4024021" />
      <trkpt lat="18.5070899" lon="73.4024557" />
      <trkpt lat="18.5070963" lon="73.4025268" />
      <trkpt lat="18.5071433" lon="73.402618" />
      <trkpt lat="18.5072362" lon="73.4027602" />
      <trkpt lat="18.5073723" lon="73.4029359" />
      <trkpt lat="18.507432" lon="73.4031008" />
      <trkpt lat="18.5074804" lon="73.4032819" />
      <trkpt lat="18.5075478" lon="73.4034401" />
      <trkpt lat="18.5076101" lon="73.4036373" />
      <trkpt lat="18.5076571" lon="73.4038036" />
      <trkpt lat="18.5076749" lon="73.4038572" />
      <trkpt lat="18.5076597" lon="73.4039095" />
      <trkpt lat="18.5076762" lon="73.4039967" />
      <trkpt lat="18.5077563" lon="73.4041683" />
      <trkpt lat="18.5077957" lon="73.404281" />
      <trkpt lat="18.5077881" lon="73.4043789" />
      <trkpt lat="18.5078148" lon="73.4044741" />
      <trkpt lat="18.5078822" lon="73.4045278" />
      <trkpt lat="18.5079751" lon="73.4047665" />
      <trkpt lat="18.5081073" lon="73.404851" />
      <trkpt lat="18.5081773" lon="73.4049663" />
      <trkpt lat="18.5081798" lon="73.4050696" />
      <trkpt lat="18.50819" lon="73.405197" />
      <trkpt lat="18.5082192" lon="73.4052224" />
      <trkpt lat="18.5082765" lon="73.4052828" />
      <trkpt lat="18.508307" lon="73.4053981" />
      <trkpt lat="18.5083375" lon="73.4055336" />
      <trkpt lat="18.5083629" lon="73.4056395" />
      <trkpt lat="18.5083515" lon="73.4057374" />
      <trkpt lat="18.5083591" lon="73.4058179" />
      <trkpt lat="18.5084354" lon="73.4059359" />
      <trkpt lat="18.5085728" lon="73.406062" />
      <trkpt lat="18.5086847" lon="73.4061639" />
      <trkpt lat="18.5087318" lon="73.4062444" />
      <trkpt lat="18.5088424" lon="73.4063329" />
      <trkpt lat="18.5089899" lon="73.4063664" />
      <trkpt lat="18.5090497" lon="73.406353" />
      <trkpt lat="18.5091438" lon="73.4063731" />
      <trkpt lat="18.5092188" lon="73.4064281" />
      <trkpt lat="18.5092303" lon="73.4065099" />
      <trkpt lat="18.5092303" lon="73.4066024" />
      <trkpt lat="18.5092646" lon="73.4066588" />
      <trkpt lat="18.5093078" lon="73.4067245" />
      <trkpt lat="18.5093943" lon="73.4067821" />
      <trkpt lat="18.509463" lon="73.4068452" />
      <trkpt lat="18.5095418" lon="73.4068948" />
      <trkpt lat="18.5096029" lon="73.4069967" />
      <trkpt lat="18.5096499" lon="73.4070343" />
      <trkpt lat="18.5097326" lon="73.4071054" />
      <trkpt lat="18.509828" lon="73.4071402" />
      <trkpt lat="18.5098827" lon="73.407155" />
      <trkpt lat="18.5099488" lon="73.4071711" />
      <trkpt lat="18.5099793" lon="73.4072006" />
      <trkpt lat="18.5100086" lon="73.4072864" />
      <trkpt lat="18.5100582" lon="73.4073481" />
      <trkpt lat="18.5101421" lon="73.4074125" />
      <trkpt lat="18.5102451" lon="73.4074567" />
      <trkpt lat="18.5103519" lon="73.4075063" />
      <trkpt lat="18.5105109" lon="73.4075291" />
      <trkpt lat="18.5106292" lon="73.4075466" />
      <trkpt lat="18.5106877" lon="73.4075399" />
      <trkpt lat="18.5107665" lon="73.407505" />
      <trkpt lat="18.5108504" lon="73.4074594" />
      <trkpt lat="18.5109293" lon="73.4074017" />
      <trkpt lat="18.5110132" lon="73.4072824" />
      <trkpt lat="18.511087" lon="73.4072073" />
      <trkpt lat="18.5111442" lon="73.4071764" />
      <trkpt lat="18.5112205" lon="73.407159" />
      <trkpt lat="18.511349" lon="73.4071684" />
      <trkpt lat="18.5114723" lon="73.4071536" />
      <trkpt lat="18.5116033" lon="73.4070879" />
      <trkpt lat="18.5116987" lon="73.4070557" />
      <trkpt lat="18.5117457" lon="73.4069847" />
      <trkpt lat="18.5118195" lon="73.4069484" />
      <trkpt lat="18.5119136" lon="73.406864" />
      <trkpt lat="18.5119378" lon="73.406707" />
      <trkpt lat="18.5119352" lon="73.406589" />
      <trkpt lat="18.5118945" lon="73.4064965" />
      <trkpt lat="18.5118627" lon="73.4064616" />
      <trkpt lat="18.5118068" lon="73.406412" />
      <trkpt lat="18.5117941" lon="73.406349" />
      <trkpt lat="18.5117839" lon="73.406243" />
      <trkpt lat="18.5117534" lon="73.4061585" />
      <trkpt lat="18.5117317" lon="73.4061062" />
      <trkpt lat="18.5116847" lon="73.4060553" />
      <trkpt lat="18.5116911" lon="73.4059654" />
      <trkpt lat="18.5117165" lon="73.4059171" />
      <trkpt lat="18.5117457" lon="73.4058997" />
      <trkpt lat="18.5118004" lon="73.4059279" />
      <trkpt lat="18.5118424" lon="73.4060003" />
      <trkpt lat="18.5118691" lon="73.4060942" />
      <trkpt lat="18.5118958" lon="73.4061559" />
      <trkpt lat="18.5119479" lon="73.4062108" />
      <trkpt lat="18.5119861" lon="73.4062041" />
      <trkpt lat="18.5120624" lon="73.406247" />
      <trkpt lat="18.51214" lon="73.406247" />
      <trkpt lat="18.5122086" lon="73.4062833" />
      <trkpt lat="18.5122366" lon="73.4062913" />
      <trkpt lat="18.5122481" lon="73.4063329" />
      <trkpt lat="18.512243" lon="73.4063986" />
      <trkpt lat="18.5122633" lon="73.4064589" />
      <trkpt lat="18.5122786" lon="73.4065193" />
      <trkpt lat="18.5123155" lon="73.4065421" />
      <trkpt lat="18.5123384" lon="73.4065528" />
      <trkpt lat="18.5123282" lon="73.4066105" />
      <trkpt lat="18.5123193" lon="73.4066588" />
      <trkpt lat="18.5123371" lon="73.4066923" />
      <trkpt lat="18.5123714" lon="73.4067379" />
      <trkpt lat="18.5124096" lon="73.4067982" />
      <trkpt lat="18.5124757" lon="73.4068613" />
      <trkpt lat="18.5125736" lon="73.4069216" />
      <trkpt lat="18.5126639" lon="73.4069753" />
      <trkpt lat="18.5128013" lon="73.4070517" />
      <trkpt lat="18.5128877" lon="73.4071147" />
      <trkpt lat="18.5129437" lon="73.4071657" />
      <trkpt lat="18.5129831" lon="73.4072623" />
      <trkpt lat="18.5130289" lon="73.4073722" />
      <trkpt lat="18.5130912" lon="73.4074379" />
      <trkpt lat="18.5131294" lon="73.4074876" />
      <trkpt lat="18.513165" lon="73.4075586" />
      <trkpt lat="18.5132095" lon="73.4076016" />
      <trkpt lat="18.5132514" lon="73.4076606" />
      <trkpt lat="18.513296" lon="73.4076914" />
      <trkpt lat="18.5133443" lon="73.4077303" />
      <trkpt lat="18.5133862" lon="73.4077907" />
      <trkpt lat="18.5134193" lon="73.4078175" />
      <trkpt lat="18.5134969" lon="73.4078242" />
      <trkpt lat="18.5135465" lon="73.4078416" />
      <trkpt lat="18.5136088" lon="73.4078725" />
      <trkpt lat="18.5136571" lon="73.4079033" />
      <trkpt lat="18.5137194" lon="73.4079556" />
      <trkpt lat="18.5137919" lon="73.4080227" />
      <trkpt lat="18.5138288" lon="73.4080897" />
      <trkpt lat="18.5138313" lon="73.4081796" />
      <trkpt lat="18.513839" lon="73.408256" />
      <trkpt lat="18.5138657" lon="73.4083325" />
      <trkpt lat="18.5138898" lon="73.4084304" />
      <trkpt lat="18.5139458" lon="73.4085095" />
      <trkpt lat="18.5139839" lon="73.4085672" />
      <trkpt lat="18.5140348" lon="73.4086329" />
      <trkpt lat="18.5140831" lon="73.4086718" />
      <trkpt lat="18.5141327" lon="73.4087227" />
      <trkpt lat="18.5141594" lon="73.408767" />
      <trkpt lat="18.5141645" lon="73.408822" />
      <trkpt lat="18.5141429" lon="73.4088917" />
      <trkpt lat="18.5141264" lon="73.4089319" />
      <trkpt lat="18.514106" lon="73.4090137" />
      <trkpt lat="18.5140958" lon="73.4090607" />
      <trkpt lat="18.5140895" lon="73.409176" />
      <trkpt lat="18.5140768" lon="73.4092511" />
      <trkpt lat="18.5140742" lon="73.4093155" />
      <trkpt lat="18.514073" lon="73.4094094" />
      <trkpt lat="18.5140704" lon="73.4095207" />
      <trkpt lat="18.5140793" lon="73.4095918" />
      <trkpt lat="18.5141264" lon="73.4096387" />
      <trkpt lat="18.5141836" lon="73.4096682" />
      <trkpt lat="18.5142243" lon="73.4097084" />
      <trkpt lat="18.5142853" lon="73.4097567" />
      <trkpt lat="18.5143222" lon="73.4098037" />
      <trkpt lat="18.5143565" lon="73.4098721" />
      <trkpt lat="18.5143909" lon="73.4099083" />
      <trkpt lat="18.5144468" lon="73.4099284" />
      <trkpt lat="18.514485" lon="73.4099512" />
      <trkpt lat="18.5145117" lon="73.4099995" />
      <trkpt lat="18.5145549" lon="73.4100504" />
      <trkpt lat="18.5146096" lon="73.4100893" />
      <trkpt lat="18.5146516" lon="73.4101282" />
      <trkpt lat="18.5147088" lon="73.4101591" />
      <trkpt lat="18.5147571" lon="73.4101912" />
      <trkpt lat="18.5148309" lon="73.410214" />
      <trkpt lat="18.5148868" lon="73.4102167" />
      <trkpt lat="18.514972" lon="73.410214" />
      <trkpt lat="18.5150407" lon="73.410202" />
      <trkpt lat="18.5151361" lon="73.4102154" />
      <trkpt lat="18.5152048" lon="73.4102502" />
      <trkpt lat="18.5152671" lon="73.4103106" />
      <trkpt lat="18.5153078" lon="73.4103441" />
      <trkpt lat="18.5153663" lon="73.4103777" />
      <trkpt lat="18.5154031" lon="73.410434" />
      <trkpt lat="18.5154527" lon="73.410493" />
      <trkpt lat="18.5154884" lon="73.4105319" />
      <trkpt lat="18.5155176" lon="73.4105989" />
      <trkpt lat="18.5155214" lon="73.4106606" />
      <trkpt lat="18.5155596" lon="73.4107089" />
      <trkpt lat="18.5156003" lon="73.4107478" />
      <trkpt lat="18.5156588" lon="73.4107491" />
      <trkpt lat="18.5157325" lon="73.410788" />
      <trkpt lat="18.5158152" lon="73.4108175" />
      <trkpt lat="18.5159042" lon="73.4108149" />
      <trkpt lat="18.515964" lon="73.4108122" />
      <trkpt lat="18.5160504" lon="73.4108269" />
      <trkpt lat="18.516128" lon="73.4108484" />
      <trkpt lat="18.516217" lon="73.4108685" />
      <trkpt lat="18.516287" lon="73.4108779" />
      <trkpt lat="18.5163506" lon="73.4108752" />
      <trkpt lat="18.5164319" lon="73.4108551" />
      <trkpt lat="18.516521" lon="73.4108564" />
      <trkpt lat="18.5165884" lon="73.4108618" />
      <trkpt lat="18.5166608" lon="73.4108672" />
      <trkpt lat="18.5167448" lon="73.4108967" />
      <trkpt lat="18.5168147" lon="73.4109101" />
      <trkpt lat="18.5169088" lon="73.4109342" />
      <trkpt lat="18.5169737" lon="73.4109583" />
      <trkpt lat="18.5169889" lon="73.4110039" />
      <trkpt lat="18.5170309" lon="73.4111072" />
      <trkpt lat="18.5170665" lon="73.4111716" />
      <trkpt lat="18.517125" lon="73.4112172" />
      <trkpt lat="18.5171835" lon="73.4112561" />
      <trkpt lat="18.517256" lon="73.4113084" />
      <trkpt lat="18.5173018" lon="73.4113312" />
      <trkpt lat="18.5173781" lon="73.4113526" />
      <trkpt lat="18.5174455" lon="73.4113446" />
      <trkpt lat="18.5175396" lon="73.4113365" />
      <trkpt lat="18.5176616" lon="73.4113124" />
      <trkpt lat="18.517785" lon="73.411303" />
      <trkpt lat="18.5178371" lon="73.4113245" />
      <trkpt lat="18.5178905" lon="73.4113634" />
      <trkpt lat="18.5179465" lon="73.4113942" />
      <trkpt lat="18.5180381" lon="73.4114143" />
      <trkpt lat="18.5181411" lon="73.4113915" />
      <trkpt lat="18.5182136" lon="73.4113687" />
      <trkpt lat="18.5183051" lon="73.4113955" />
      <trkpt lat="18.5183674" lon="73.4114438" />
      <trkpt lat="18.5184068" lon="73.4115069" />
      <trkpt lat="18.5184437" lon="73.4115256" />
      <trkpt lat="18.5184984" lon="73.411539" />
      <trkpt lat="18.5185938" lon="73.4115417" />
      <trkpt lat="18.5186701" lon="73.4115498" />
      <trkpt lat="18.5187833" lon="73.4115605" />
      <trkpt lat="18.5188507" lon="73.4115538" />
      <trkpt lat="18.5188977" lon="73.4115458" />
      <trkpt lat="18.5189613" lon="73.4115444" />
      <trkpt lat="18.5190325" lon="73.4115444" />
      <trkpt lat="18.5190986" lon="73.4115417" />
      <trkpt lat="18.5191902" lon="73.4115216" />
      <trkpt lat="18.5193008" lon="73.4114921" />
      <trkpt lat="18.5193695" lon="73.411476" />
      <trkpt lat="18.5194471" lon="73.4114599" />
      <trkpt lat="18.5195933" lon="73.4114291" />
      <trkpt lat="18.519676" lon="73.4114183" />
      <trkpt lat="18.5197281" lon="73.4114774" />
      <trkpt lat="18.5197001" lon="73.411535" />
      <trkpt lat="18.5196556" lon="73.4115793" />
      <trkpt lat="18.5196022" lon="73.4116115" />
      <trkpt lat="18.5195399" lon="73.4116356" />
      <trkpt lat="18.519456" lon="73.4116423" />
      <trkpt lat="18.5193695" lon="73.4116638" />
      <trkpt lat="18.5192678" lon="73.4116986" />
      <trkpt lat="18.5191991" lon="73.4117174" />
      <trkpt lat="18.5191164" lon="73.4117308" />
      <trkpt lat="18.5190719" lon="73.4117697" />
      <trkpt lat="18.5190401" lon="73.4118032" />
      <trkpt lat="18.5189893" lon="73.4118301" />
      <trkpt lat="18.518927" lon="73.4118475" />
      <trkpt lat="18.5188405" lon="73.4118743" />
      <trkpt lat="18.5187667" lon="73.4118891" />
      <trkpt lat="18.5186714" lon="73.4119025" />
      <trkpt lat="18.5186256" lon="73.4119266" />
      <trkpt lat="18.5185582" lon="73.4119709" />
      <trkpt lat="18.5185213" lon="73.4120084" />
      <trkpt lat="18.5184844" lon="73.412054" />
      <trkpt lat="18.5184437" lon="73.4121023" />
      <trkpt lat="18.5183967" lon="73.4121265" />
      <trkpt lat="18.5183674" lon="73.4121761" />
      <trkpt lat="18.5183407" lon="73.4122109" />
      <trkpt lat="18.5183051" lon="73.4122552" />
      <trkpt lat="18.518253" lon="73.4122968" />
      <trkpt lat="18.5181843" lon="73.4123303" />
      <trkpt lat="18.518136" lon="73.4123357" />
      <trkpt lat="18.518108" lon="73.4123276" />
      <trkpt lat="18.5180724" lon="73.4123142" />
      <trkpt lat="18.5180317" lon="73.4123062" />
      <trkpt lat="18.5179694" lon="73.4123062" />
      <trkpt lat="18.5179211" lon="73.4123223" />
      <trkpt lat="18.5178766" lon="73.4123451" />
      <trkpt lat="18.5178308" lon="73.4123893" />
      <trkpt lat="18.5177647" lon="73.4124322" />
      <trkpt lat="18.5177456" lon="73.4124792" />
      <trkpt lat="18.517729" lon="73.4125355" />
      <trkpt lat="18.5177074" lon="73.4126146" />
      <trkpt lat="18.517696" lon="73.4126884" />
      <trkpt lat="18.5176769" lon="73.4127299" />
      <trkpt lat="18.5176438" lon="73.4127608" />
      <trkpt lat="18.5176235" lon="73.4128024" />
      <trkpt lat="18.5176184" lon="73.4128305" />
      <trkpt lat="18.5176108" lon="73.4128976" />
      <trkpt lat="18.5175904" lon="73.412966" />
      <trkpt lat="18.5175612" lon="73.413025" />
      <trkpt lat="18.5175243" lon="73.41308" />
      <trkpt lat="18.517476" lon="73.4131162" />
      <trkpt lat="18.5174315" lon="73.4131578" />
      <trkpt lat="18.517401" lon="73.4132235" />
      <trkpt lat="18.517406" lon="73.4132838" />
      <trkpt lat="18.5174035" lon="73.4133549" />
      <trkpt lat="18.517434" lon="73.4134474" />
      <trkpt lat="18.5174315" lon="73.4135105" />
      <trkpt lat="18.5174175" lon="73.41354" />
      <trkpt lat="18.5173933" lon="73.4136204" />
      <trkpt lat="18.5173666" lon="73.4136674" />
      <trkpt lat="18.5173323" lon="73.4137224" />
      <trkpt lat="18.5173069" lon="73.413772" />
      <trkpt lat="18.5172776" lon="73.4138229" />
      <trkpt lat="18.517256" lon="73.4138887" />
      <trkpt lat="18.5172331" lon="73.413953" />
      <trkpt lat="18.5172102" lon="73.4140241" />
      <trkpt lat="18.5171721" lon="73.4141193" />
      <trkpt lat="18.5171403" lon="73.4141998" />
      <trkpt lat="18.5171072" lon="73.4142883" />
      <trkpt lat="18.5171186" lon="73.4143648" />
      <trkpt lat="18.517153" lon="73.4144479" />
      <trkpt lat="18.5171797" lon="73.4145136" />
      <trkpt lat="18.5172051" lon="73.4145592" />
      <trkpt lat="18.5172369" lon="73.414582" />
      <trkpt lat="18.5172763" lon="73.4146155" />
      <trkpt lat="18.5173196" lon="73.4146383" />
      <trkpt lat="18.5173628" lon="73.414692" />
      <trkpt lat="18.5174111" lon="73.4147738" />
      <trkpt lat="18.5174353" lon="73.4148408" />
      <trkpt lat="18.5174607" lon="73.4149213" />
      <trkpt lat="18.5174849" lon="73.4150192" />
      <trkpt lat="18.517509" lon="73.415105" />
      <trkpt lat="18.5175345" lon="73.4151734" />
      <trkpt lat="18.517565" lon="73.4152432" />
      <trkpt lat="18.5176082" lon="73.4153357" />
      <trkpt lat="18.5176502" lon="73.4154041" />
      <trkpt lat="18.5177125" lon="73.4154618" />
      <trkpt lat="18.5177519" lon="73.415494" />
      <trkpt lat="18.5178092" lon="73.4155248" />
      <trkpt lat="18.5178944" lon="73.4155583" />
      <trkpt lat="18.5179668" lon="73.4155731" />
      <trkpt lat="18.5180521" lon="73.4155758" />
      <trkpt lat="18.5180877" lon="73.4155664" />
      <trkpt lat="18.5181601" lon="73.4155744" />
      <trkpt lat="18.5181945" lon="73.4156267" />
      <trkpt lat="18.5182008" lon="73.4156723" />
      <trkpt lat="18.5182097" lon="73.4157099" />
      <trkpt lat="18.5182555" lon="73.4157407" />
      <trkpt lat="18.5182924" lon="73.4157917" />
      <trkpt lat="18.5183305" lon="73.4158601" />
      <trkpt lat="18.5183814" lon="73.4159486" />
      <trkpt lat="18.5184501" lon="73.4160116" />
      <trkpt lat="18.5184959" lon="73.4160599" />
      <trkpt lat="18.5185111" lon="73.4161068" />
      <trkpt lat="18.518506" lon="73.4161524" />
      <trkpt lat="18.5184717" lon="73.4162007" />
      <trkpt lat="18.5184018" lon="73.416241" />
      <trkpt lat="18.5183522" lon="73.4162584" />
      <trkpt lat="18.5182797" lon="73.4162959" />
      <trkpt lat="18.5182174" lon="73.4163281" />
      <trkpt lat="18.5181474" lon="73.416355" />
      <trkpt lat="18.5180813" lon="73.4163764" />
      <trkpt lat="18.5180088" lon="73.4164086" />
      <trkpt lat="18.5179732" lon="73.4164408" />
      <trkpt lat="18.5179579" lon="73.4164958" />
      <trkpt lat="18.5179452" lon="73.4165642" />
      <trkpt lat="18.5179147" lon="73.4166285" />
      <trkpt lat="18.5178753" lon="73.4166567" />
      <trkpt lat="18.5178193" lon="73.416654" />
      <trkpt lat="18.5177354" lon="73.4166379" />
      <trkpt lat="18.5176655" lon="73.4166299" />
      <trkpt lat="18.5175853" lon="73.4166259" />
      <trkpt lat="18.5174912" lon="73.4165843" />
      <trkpt lat="18.5174035" lon="73.4165534" />
      <trkpt lat="18.5173056" lon="73.4165333" />
      <trkpt lat="18.517214" lon="73.4165145" />
      <trkpt lat="18.517125" lon="73.4165172" />
      <trkpt lat="18.5170538" lon="73.4164971" />
      <trkpt lat="18.5169749" lon="73.4164488" />
      <trkpt lat="18.5169279" lon="73.4164314" />
      <trkpt lat="18.5168936" lon="73.4164274" />
      <trkpt lat="18.5168503" lon="73.4164327" />
      <trkpt lat="18.5167855" lon="73.4164368" />
      <trkpt lat="18.5167117" lon="73.4164073" />
      <trkpt lat="18.5166011" lon="73.4163684" />
      <trkpt lat="18.5165286" lon="73.4163295" />
      <trkpt lat="18.5164815" lon="73.4162919" />
      <trkpt lat="18.5164599" lon="73.4162503" />
      <trkpt lat="18.5164167" lon="73.416194" />
      <trkpt lat="18.5163849" lon="73.4161618" />
      <trkpt lat="18.5163251" lon="73.4161283" />
      <trkpt lat="18.5162564" lon="73.4160948" />
      <trkpt lat="18.5161992" lon="73.4160787" />
      <trkpt lat="18.5161153" lon="73.4160572" />
      <trkpt lat="18.5160237" lon="73.4160599" />
      <trkpt lat="18.5159678" lon="73.4160545" />
      <trkpt lat="18.5158902" lon="73.4160452" />
      <trkpt lat="18.5158393" lon="73.4160371" />
      <trkpt lat="18.5157681" lon="73.4160157" />
      <trkpt lat="18.5156982" lon="73.4159875" />
      <trkpt lat="18.5156041" lon="73.4159794" />
      <trkpt lat="18.5154947" lon="73.4160049" />
      <trkpt lat="18.5154244" lon="73.4160349" />
      <trkpt lat="18.5153663" lon="73.416068" />
      <trkpt lat="18.5152989" lon="73.4161082" />
      <trkpt lat="18.5151984" lon="73.4161471" />
      <trkpt lat="18.5151374" lon="73.4161779" />
      <trkpt lat="18.5150687" lon="73.4162195" />
      <trkpt lat="18.5149975" lon="73.4162772" />
      <trkpt lat="18.5149301" lon="73.4163348" />
      <trkpt lat="18.5148779" lon="73.4163617" />
      <trkpt lat="18.5147953" lon="73.4163617" />
      <trkpt lat="18.5147342" lon="73.416359" />
      <trkpt lat="18.5146668" lon="73.4163496" />
      <trkpt lat="18.5145816" lon="73.4163308" />
      <trkpt lat="18.5145206" lon="73.4163402" />
      <trkpt lat="18.5144672" lon="73.416363" />
      <trkpt lat="18.5144265" lon="73.4164006" />
      <trkpt lat="18.5143909" lon="73.4164502" />
      <trkpt lat="18.514354" lon="73.4164891" />
      <trkpt lat="18.5143133" lon="73.4165119" />
      <trkpt lat="18.514265" lon="73.4165266" />
      <trkpt lat="18.5142039" lon="73.41654" />
      <trkpt lat="18.514106" lon="73.4165575" />
      <trkpt lat="18.5140323" lon="73.4165722" />
      <trkpt lat="18.5139432" lon="73.4166124" />
      <trkpt lat="18.513872" lon="73.416654" />
      <trkpt lat="18.513797" lon="73.416705" />
      <trkpt lat="18.5137372" lon="73.416764" />
      <trkpt lat="18.5136673" lon="73.4168243" />
      <trkpt lat="18.5136266" lon="73.4168914" />
      <trkpt lat="18.5135973" lon="73.4169598" />
      <trkpt lat="18.5135554" lon="73.4170188" />
      <trkpt lat="18.5134994" lon="73.4170657" />
      <trkpt lat="18.5134613" lon="73.4171247" />
      <trkpt lat="18.5134193" lon="73.4172025" />
      <trkpt lat="18.5133812" lon="73.4172696" />
      <trkpt lat="18.5133277" lon="73.4173608" />
      <trkpt lat="18.5132718" lon="73.417456" />
      <trkpt lat="18.5132069" lon="73.4175311" />
      <trkpt lat="18.5131281" lon="73.4175767" />
      <trkpt lat="18.513067" lon="73.4176303" />
      <trkpt lat="18.5130149" lon="73.4176813" />
      <trkpt lat="18.5129411" lon="73.4177484" />
      <trkpt lat="18.5128826" lon="73.4178154" />
      <trkpt lat="18.512814" lon="73.4178758" />
      <trkpt lat="18.5127593" lon="73.4179656" />
      <trkpt lat="18.5126728" lon="73.4180287" />
      <trkpt lat="18.5126143" lon="73.4180903" />
      <trkpt lat="18.5125495" lon="73.4181681" />
      <trkpt lat="18.5124859" lon="73.4182419" />
      <trkpt lat="18.5124286" lon="73.4183317" />
      <trkpt lat="18.5123918" lon="73.4183814" />
      <trkpt lat="18.5123523" lon="73.4184685" />
      <trkpt lat="18.5123256" lon="73.418545" />
      <trkpt lat="18.5123104" lon="73.4186308" />
      <trkpt lat="18.5122849" lon="73.418726" />
      <trkpt lat="18.512271" lon="73.4188481" />
      <trkpt lat="18.512229" lon="73.4189352" />
      <trkpt lat="18.5122099" lon="73.4189983" />
      <trkpt lat="18.5121781" lon="73.4190881" />
      <trkpt lat="18.5121718" lon="73.4191418" />
      <trkpt lat="18.5121489" lon="73.4192383" />
      <trkpt lat="18.5121222" lon="73.4193107" />
      <trkpt lat="18.5120688" lon="73.4193738" />
      <trkpt lat="18.5120268" lon="73.4194194" />
      <trkpt lat="18.5119759" lon="73.4195401" />
      <trkpt lat="18.5119365" lon="73.4196621" />
      <trkpt lat="18.5119276" lon="73.4197547" />
      <trkpt lat="18.5119467" lon="73.4198982" />
      <trkpt lat="18.5119467" lon="73.4199934" />
      <trkpt lat="18.511939" lon="73.4201033" />
      <trkpt lat="18.5119352" lon="73.420271" />
      <trkpt lat="18.5119556" lon="73.4204802" />
      <trkpt lat="18.5119556" lon="73.4205057" />
      <trkpt lat="18.5119518" lon="73.4205995" />
      <trkpt lat="18.5119492" lon="73.4207323" />
      <trkpt lat="18.5119492" lon="73.4208141" />
      <trkpt lat="18.5119632" lon="73.4209241" />
      <trkpt lat="18.5119746" lon="73.4209912" />
      <trkpt lat="18.5119874" lon="73.4210515" />
      <trkpt lat="18.5119861" lon="73.4211494" />
      <trkpt lat="18.5119785" lon="73.4212245" />
      <trkpt lat="18.5119746" lon="73.4213036" />
      <trkpt lat="18.511967" lon="73.4213814" />
      <trkpt lat="18.5119759" lon="73.421482" />
      <trkpt lat="18.5119848" lon="73.4215946" />
      <trkpt lat="18.5119912" lon="73.4216738" />
      <trkpt lat="18.5119912" lon="73.4217864" />
      <trkpt lat="18.5119759" lon="73.4218508" />
      <trkpt lat="18.5119556" lon="73.4219232" />
      <trkpt lat="18.5119416" lon="73.4219755" />
      <trkpt lat="18.5119149" lon="73.422052" />
      <trkpt lat="18.5118831" lon="73.4221204" />
      <trkpt lat="18.5118615" lon="73.4221834" />
      <trkpt lat="18.5118297" lon="73.4222652" />
      <trkpt lat="18.5118068" lon="73.4223457" />
      <trkpt lat="18.5117724" lon="73.4224275" />
      <trkpt lat="18.5117699" lon="73.4225146" />
      <trkpt lat="18.5117801" lon="73.4225535" />
      <trkpt lat="18.5117979" lon="73.4225857" />
      <trkpt lat="18.511803" lon="73.4226286" />
      <trkpt lat="18.511789" lon="73.4227104" />
      <trkpt lat="18.5117763" lon="73.4227654" />
      <trkpt lat="18.5117585" lon="73.4228311" />
      <trkpt lat="18.5117368" lon="73.4228875" />
      <trkpt lat="18.5117254" lon="73.4229197" />
      <trkpt lat="18.5117216" lon="73.4229626" />
      <trkpt lat="18.5117343" lon="73.4229961" />
      <trkpt lat="18.5117356" lon="73.4230162" />
      <trkpt lat="18.5117572" lon="73.4231195" />
      <trkpt lat="18.5117686" lon="73.4231879" />
      <trkpt lat="18.5117648" lon="73.4232268" />
      <trkpt lat="18.5117521" lon="73.4232616" />
      <trkpt lat="18.5117203" lon="73.4233139" />
      <trkpt lat="18.5116949" lon="73.4233381" />
      <trkpt lat="18.5116389" lon="73.4233609" />
      <trkpt lat="18.5116046" lon="73.4233434" />
      <trkpt lat="18.5115677" lon="73.4233287" />
      <trkpt lat="18.5115041" lon="73.4233314" />
      <trkpt lat="18.5114507" lon="73.4233314" />
      <trkpt lat="18.5114087" lon="73.4233032" />
      <trkpt lat="18.5113553" lon="73.4232764" />
      <trkpt lat="18.5112968" lon="73.4232643" />
      <trkpt lat="18.5112167" lon="73.4232509" />
      <trkpt lat="18.5111913" lon="73.423263" />
      <trkpt lat="18.5111328" lon="73.4233099" />
      <trkpt lat="18.511059" lon="73.4233904" />
      <trkpt lat="18.5110069" lon="73.4234802" />
      <trkpt lat="18.5109776" lon="73.423562" />
      <trkpt lat="18.5109407" lon="73.4236117" />
      <trkpt lat="18.5108784" lon="73.4236921" />
      <trkpt lat="18.5108314" lon="73.4237605" />
      <trkpt lat="18.5107792" lon="73.4238262" />
      <trkpt lat="18.5107042" lon="73.4239121" />
      <trkpt lat="18.510675" lon="73.423959" />
      <trkpt lat="18.5106355" lon="73.4240153" />
      <trkpt lat="18.5106101" lon="73.4240596" />
      <trkpt lat="18.5105821" lon="73.4241199" />
      <trkpt lat="18.5105567" lon="73.4241642" />
      <trkpt lat="18.5105338" lon="73.4241937" />
      <trkpt lat="18.5104842" lon="73.4242393" />
      <trkpt lat="18.510427" lon="73.424301" />
      <trkpt lat="18.5103608" lon="73.4243721" />
      <trkpt lat="18.5102947" lon="73.4244364" />
      <trkpt lat="18.5102438" lon="73.4244861" />
      <trkpt lat="18.5102184" lon="73.4245263" />
      <trkpt lat="18.5101917" lon="73.4245652" />
      <trkpt lat="18.5101713" lon="73.4245974" />
      <trkpt lat="18.5101586" lon="73.4246403" />
      <trkpt lat="18.5101561" lon="73.4246725" />
      <trkpt lat="18.5101599" lon="73.4247127" />
      <trkpt lat="18.5101561" lon="73.4247744" />
      <trkpt lat="18.510151" lon="73.4248106" />
      <trkpt lat="18.5101179" lon="73.4248522" />
      <trkpt lat="18.5100849" lon="73.4248871" />
      <trkpt lat="18.5100594" lon="73.4249273" />
      <trkpt lat="18.5100264" lon="73.4249809" />
      <trkpt lat="18.5099641" lon="73.4250359" />
      <trkpt lat="18.5099056" lon="73.4250721" />
      <trkpt lat="18.5098407" lon="73.4250922" />
      <trkpt lat="18.5097301" lon="73.4251137" />
      <trkpt lat="18.5096601" lon="73.4251258" />
      <trkpt lat="18.5096086" lon="73.4251298" />
      <trkpt lat="18.5095649" lon="73.4251348" />
    </trkseg>
    <trkseg>
      <trkpt lat="18.5065723" lon="73.3678311" />
      <trkpt lat="18.5063799" lon="73.3678212" />
      <trkpt lat="18.5062112" lon="73.3678484" />
      <trkpt lat="18.5060541" lon="73.3678565" />
      <trkpt lat="18.5059155" lon="73.3678905" />
      <trkpt lat="18.5058416" lon="73.3678942" />
      <trkpt lat="18.5056167" lon="73.367872" />
      <trkpt lat="18.5054248" lon="73.3678492" />
      <trkpt lat="18.5052285" lon="73.3679455" />
      <trkpt lat="18.5049909" lon="73.3680379" />
      <trkpt lat="18.5047903" lon="73.3680304" />
      <trkpt lat="18.504453" lon="73.3680304" />
      <trkpt lat="18.5042922" lon="73.3680993" />
      <trkpt lat="18.5040038" lon="73.3681915" />
      <trkpt lat="18.5036261" lon="73.3682158" />
      <trkpt lat="18.5032986" lon="73.3682512" />
      <trkpt lat="18.5030128" lon="73.3682688" />
      <trkpt lat="18.5026969" lon="73.3682705" />
      <trkpt lat="18.5025846" lon="73.3682692" />
      <trkpt lat="18.5023369" lon="73.3683166" />
      <trkpt lat="18.501967" lon="73.3684222" />
      <trkpt lat="18.5016598" lon="73.3685124" />
      <trkpt lat="18.5013618" lon="73.3686382" />
      <trkpt lat="18.501037" lon="73.3687049" />
      <trkpt lat="18.5006752" lon="73.3687855" />
      <trkpt lat="18.5002827" lon="73.3688277" />
      <trkpt lat="18.5000309" lon="73.3687657" />
      <trkpt lat="18.4997728" lon="73.3686843" />
      <trkpt lat="18.4995208" lon="73.3686509" />
      <trkpt lat="18.4992692" lon="73.368623" />
      <trkpt lat="18.499189" lon="73.3686098" />
      <trkpt lat="18.4988474" lon="73.3686346" />
      <trkpt lat="18.4986143" lon="73.3685116" />
      <trkpt lat="18.498347" lon="73.3685714" />
      <trkpt lat="18.4982586" lon="73.3686066" />
      <trkpt lat="18.4980499" lon="73.3686197" />
      <trkpt lat="18.4979625" lon="73.368728" />
      <trkpt lat="18.4978418" lon="73.3688671" />
      <trkpt lat="18.4976909" lon="73.3689684" />
      <trkpt lat="18.4975474" lon="73.3690657" />
      <trkpt lat="18.497339" lon="73.3691518" />
      <trkpt lat="18.4972034" lon="73.3692027" />
      <trkpt lat="18.4970394" lon="73.3693333" />
      <trkpt lat="18.4969485" lon="73.3693949" />
      <trkpt lat="18.4968014" lon="73.3694338" />
      <trkpt lat="18.4966729" lon="73.3694669" />
      <trkpt lat="18.4965462" lon="73.3694315" />
      <trkpt lat="18.4964495" lon="73.3694046" />
      <trkpt lat="18.4963369" lon="73.3694747" />
      <trkpt lat="18.4962271" lon="73.3695843" />
      <trkpt lat="18.4961471" lon="73.3696669" />
      <trkpt lat="18.4960293" lon="73.369729" />
      <trkpt lat="18.4958683" lon="73.3698345" />
      <trkpt lat="18.4957462" lon="73.3697913" />
      <trkpt lat="18.4956154" lon="73.3697604" />
      <trkpt lat="18.4955198" lon="73.3698745" />
      <trkpt lat="18.4953887" lon="73.3699776" />
      <trkpt lat="18.4952239" lon="73.3700053" />
      <trkpt lat="18.4950911" lon="73.3700237" />
      <trkpt lat="18.4950388" lon="73.3701502" />
      <trkpt lat="18.4949755" lon="73.3703064" />
      <trkpt lat="18.4948837" lon="73.3704364" />
      <trkpt lat="18.4947586" lon="73.3705843" />
      <trkpt lat="18.494689" lon="73.3707021" />
      <trkpt lat="18.494632" lon="73.3708069" />
      <trkpt lat="18.4946134" lon="73.3709257" />
      <trkpt lat="18.4946004" lon="73.3710306" />
      <trkpt lat="18.494481" lon="73.3711731" />
      <trkpt lat="18.494481" lon="73.3713352" />
      <trkpt lat="18.4943914" lon="73.371377" />
      <trkpt lat="18.4943077" lon="73.3714118" />
      <trkpt lat="18.4942404" lon="73.3715148" />
      <trkpt lat="18.494196" lon="73.3716227" />
      <trkpt lat="18.4941245" lon="73.3717072" />
      <trkpt lat="18.4941105" lon="73.37182" />
      <trkpt lat="18.4941555" lon="73.3719666" />
      <trkpt lat="18.4940885" lon="73.3720958" />
      <trkpt lat="18.4939396" lon="73.3722342" />
      <trkpt lat="18.4937133" lon="73.3722481" />
      <trkpt lat="18.4934544" lon="73.3722734" />
      <trkpt lat="18.4933053" lon="73.3723061" />
      <trkpt lat="18.4931559" lon="73.3723287" />
      <trkpt lat="18.4930191" lon="73.372368" />
      <trkpt lat="18.4928486" lon="73.3722673" />
      <trkpt lat="18.4926939" lon="73.3721562" />
      <trkpt lat="18.492616" lon="73.3720923" />
      <trkpt lat="18.4924417" lon="73.3721207" />
      <trkpt lat="18.4922256" lon="73.3721371" />
      <trkpt lat="18.4920952" lon="73.3722617" />
      <trkpt lat="18.4918204" lon="73.3723918" />
      <trkpt lat="18.4916531" lon="73.3723206" />
      <trkpt lat="18.4914232" lon="73.3723535" />
      <trkpt lat="18.4912163" lon="73.3724305" />
      <trkpt lat="18.4910418" lon="73.3725219" />
      <trkpt lat="18.4909082" lon="73.3725595" />
      <trkpt lat="18.4908356" lon="73.3726745" />
      <trkpt lat="18.4908993" lon="73.3728131" />
      <trkpt lat="18.4909295" lon="73.3730083" />
      <trkpt lat="18.4908865" lon="73.3731915" />
      <trkpt lat="18.4907476" lon="73.3732692" />
      <trkpt lat="18.4905597" lon="73.3732918" />
      <trkpt lat="18.490447" lon="73.3733754" />
      <trkpt lat="18.490351" lon="73.3734685" />
      <trkpt lat="18.4902796" lon="73.3735379" />
      <trkpt lat="18.4903057" lon="73.3737061" />
      <trkpt lat="18.4903663" lon="73.3737857" />
      <trkpt lat="18.4904944" lon="73.3738693" />
      <trkpt lat="18.4904285" lon="73.3740276" />
      <trkpt lat="18.4902501" lon="73.3741478" />
      <trkpt lat="18.4901192" lon="73.3742042" />
      <trkpt lat="18.4899406" lon="73.3742266" />
      <trkpt lat="18.4897851" lon="73.3742291" />
      <trkpt lat="18.48969" lon="73.3742842" />
      <trkpt lat="18.489589" lon="73.3743613" />
      <trkpt lat="18.4894374" lon="73.3744017" />
      <trkpt lat="18.4893142" lon="73.3744671" />
      <trkpt lat="18.4892361" lon="73.3745379" />
      <trkpt lat="18.489216" lon="73.3747262" />
      <trkpt lat="18.4892058" lon="73.3748636" />
      <trkpt lat="18.4891318" lon="73.374942" />
      <trkpt lat="18.4891065" lon="73.375085" />
      <trkpt lat="18.4889613" lon="73.3752079" />
      <trkpt lat="18.4889922" lon="73.3753159" />
      <trkpt lat="18.4891436" lon="73.3754088" />
      <trkpt lat="18.4892676" lon="73.3754736" />
      <trkpt lat="18.4893866" lon="73.3754761" />
      <trkpt lat="18.489492" lon="73.375589" />
      <trkpt lat="18.4896442" lon="73.3756844" />
      <trkpt lat="18.4897251" lon="73.3758539" />
      <trkpt lat="18.4898323" lon="73.3759998" />
      <trkpt lat="18.4899012" lon="73.3762088" />
      <trkpt lat="18.4899677" lon="73.3763105" />
      <trkpt lat="18.4900609" lon="73.3763766" />
      <trkpt lat="18.4900633" lon="73.3766023" />
      <trkpt lat="18.4900039" lon="73.3766647" />
      <trkpt lat="18.4900267" lon="73.3768354" />
      <trkpt lat="18.4900903" lon="73.3770059" />
      <trkpt lat="18.4901157" lon="73.3771368" />
      <trkpt lat="18.4900673" lon="73.3772623" />
      <trkpt lat="18.4899684" lon="73.3773857" />
      <trkpt lat="18.4897994" lon="73.3774875" />
      <trkpt lat="18.4897964" lon="73.377783" />
      <trkpt lat="18.4896654" lon="73.3779323" />
      <trkpt lat="18.4896161" lon="73.3781117" />
      <trkpt lat="18.4895831" lon="73.3783268" />
      <trkpt lat="18.4895609" lon="73.3785419" />
      <trkpt lat="18.4895681" lon="73.3787775" />
      <trkpt lat="18.4893913" lon="73.3788816" />
      <trkpt lat="18.4894137" lon="73.3790847" />
      <trkpt lat="18.4895584" lon="73.3791849" />
      <trkpt lat="18.489734" lon="73.3792774" />
      <trkpt lat="18.4898188" lon="73.3793366" />
      <trkpt lat="18.4898401" lon="73.379444" />
      <trkpt lat="18.4896371" lon="73.3794606" />
      <trkpt lat="18.489487" lon="73.3795625" />
      <trkpt lat="18.4893308" lon="73.3796154" />
      <trkpt lat="18.4892391" lon="73.3798102" />
      <trkpt lat="18.4890782" lon="73.3800158" />
      <trkpt lat="18.4890271" lon="73.3802101" />
      <trkpt lat="18.4889767" lon="73.380446" />
      <trkpt lat="18.4889865" lon="73.3805988" />
      <trkpt lat="18.4888859" lon="73.380781" />
      <trkpt lat="18.4887901" lon="73.3809794" />
      <trkpt lat="18.4886584" lon="73.3811659" />
      <trkpt lat="18.4885538" lon="73.3813501" />
      <trkpt lat="18.488394" lon="73.3815923" />
      <trkpt lat="18.4882011" lon="73.3815538" />
      <trkpt lat="18.4880382" lon="73.3815493" />
      <trkpt lat="18.487878" lon="73.3815805" />
      <trkpt lat="18.487785" lon="73.3816735" />
      <trkpt lat="18.4877645" lon="73.3818538" />
      <trkpt lat="18.4877727" lon="73.3819419" />
      <trkpt lat="18.4875858" lon="73.3821648" />
    </trkseg>
    <trkseg>
      <trkpt lat="18.4815475" lon="73.3796409" />
      <trkpt lat="18.4816594" lon="73.3797294" />
      <trkpt lat="18.4817765" lon="73.3797911" />
      <trkpt lat="18.4819215" lon="73.3797964" />
      <trkpt lat="18.4820283" lon="73.3798367" />
      <trkpt lat="18.4821962" lon="73.3799118" />
      <trkpt lat="18.482387" lon="73.3799922" />
      <trkpt lat="18.4825676" lon="73.3800432" />
      <trkpt lat="18.4827355" lon="73.38007" />
      <trkpt lat="18.4829136" lon="73.3801532" />
      <trkpt lat="18.4830865" lon="73.3801827" />
      <trkpt lat="18.4832341" lon="73.3800781" />
      <trkpt lat="18.4834071" lon="73.380062" />
      <trkpt lat="18.483547" lon="73.3801237" />
      <trkpt lat="18.4836767" lon="73.3801907" />
      <trkpt lat="18.4837607" lon="73.3802524" />
      <trkpt lat="18.483809" lon="73.3803329" />
      <trkpt lat="18.4838192" lon="73.3804589" />
      <trkpt lat="18.4839209" lon="73.3805662" />
      <trkpt lat="18.4839871" lon="73.3805555" />
      <trkpt lat="18.4841015" lon="73.3805287" />
      <trkpt lat="18.4842847" lon="73.3805126" />
      <trkpt lat="18.4844119" lon="73.3805153" />
      <trkpt lat="18.4845213" lon="73.3805448" />
      <trkpt lat="18.4846663" lon="73.3805314" />
      <trkpt lat="18.4848723" lon="73.380526" />
      <trkpt lat="18.4849741" lon="73.3805984" />
      <trkpt lat="18.4850936" lon="73.3807406" />
      <trkpt lat="18.4852183" lon="73.3807781" />
      <trkpt lat="18.4853429" lon="73.3807889" />
      <trkpt lat="18.4854777" lon="73.3807594" />
      <trkpt lat="18.485577" lon="73.380805" />
      <trkpt lat="18.4855693" lon="73.3808613" />
      <trkpt lat="18.485549" lon="73.3809927" />
      <trkpt lat="18.4856151" lon="73.3810356" />
      <trkpt lat="18.485694" lon="73.3810088" />
      <trkpt lat="18.4857881" lon="73.3810571" />
      <trkpt lat="18.4858949" lon="73.38121" />
      <trkpt lat="18.4860018" lon="73.3813199" />
      <trkpt lat="18.4861366" lon="73.3814004" />
      <trkpt lat="18.4862663" lon="73.3814916" />
      <trkpt lat="18.4863706" lon="73.3816096" />
      <trkpt lat="18.4864215" lon="73.3817089" />
      <trkpt lat="18.4863757" lon="73.3817893" />
      <trkpt lat="18.4863121" lon="73.3818725" />
      <trkpt lat="18.4862663" lon="73.3819556" />
      <trkpt lat="18.4862409" lon="73.382079" />
      <trkpt lat="18.4863045" lon="73.382197" />
      <trkpt lat="18.4863935" lon="73.3822909" />
      <trkpt lat="18.486424" lon="73.3823848" />
      <trkpt lat="18.4864724" lon="73.382484" />
      <trkpt lat="18.4865309" lon="73.3825511" />
      <trkpt lat="18.4865741" lon="73.3825806" />
      <trkpt lat="18.4866504" lon="73.3826986" />
      <trkpt lat="18.4866962" lon="73.3827764" />
      <trkpt lat="18.4867776" lon="73.3828434" />
      <trkpt lat="18.4868234" lon="73.3828837" />
      <trkpt lat="18.4868972" lon="73.3829454" />
      <trkpt lat="18.4870778" lon="73.3830553" />
      <trkpt lat="18.4872101" lon="73.3831626" />
    </trkseg>
    <trkseg>
      <trkpt lat="18.4872101" lon="73.3831626" />
      <trkpt lat="18.4873213" lon="73.3830124" />
      <trkpt lat="18.4872399" lon="73.38283" />
      <trkpt lat="18.4872297" lon="73.3828032" />
      <trkpt lat="18.48725" lon="73.3826101" />
      <trkpt lat="18.4872857" lon="73.3824491" />
      <trkpt lat="18.4873365" lon="73.3824384" />
      <trkpt lat="18.4874739" lon="73.3822292" />
      <trkpt lat="18.4875858" lon="73.3821648" />
    </trkseg>
    <trkseg>
      <trkpt lat="18.4874182" lon="73.3825724" />
      <trkpt lat="18.4873724" lon="73.3825992" />
      <trkpt lat="18.4873673" lon="73.3825992" />
      <trkpt lat="18.4873165" lon="73.3826046" />
      <trkpt lat="18.48725" lon="73.3826101" />
    </trkseg>
    <trkseg>
      <trkpt lat="18.4874182" lon="73.3825724" />
      <trkpt lat="18.4873978" lon="73.382508" />
      <trkpt lat="18.4873365" lon="73.3824384" />
    </trkseg>
    <trkseg>
      <trkpt lat="18.4875858" lon="73.3821648" />
      <trkpt lat="18.4880386" lon="73.3821219" />
    </trkseg>
    <trkseg>
      <trkpt lat="18.4872101" lon="73.3831626" />
      <trkpt lat="18.4872966" lon="73.3833128" />
      <trkpt lat="18.4873424" lon="73.3834523" />
      <trkpt lat="18.4873373" lon="73.3836079" />
      <trkpt lat="18.4873474" lon="73.3837634" />
      <trkpt lat="18.4874645" lon="73.3838975" />
      <trkpt lat="18.4876832" lon="73.3840585" />
      <trkpt lat="18.4878562" lon="73.3841443" />
      <trkpt lat="18.4879783" lon="73.3841872" />
      <trkpt lat="18.4881258" lon="73.3841497" />
      <trkpt lat="18.4882429" lon="73.3841711" />
      <trkpt lat="18.4884158" lon="73.3842784" />
      <trkpt lat="18.4885634" lon="73.3843589" />
      <trkpt lat="18.488861" lon="73.3844689" />
      <trkpt lat="18.4894384" lon="73.3848095" />
      <trkpt lat="18.4899014" lon="73.3850643" />
      <trkpt lat="18.4902473" lon="73.3852467" />
      <trkpt lat="18.4905857" lon="73.3854479" />
      <trkpt lat="18.4909545" lon="73.3856678" />
      <trkpt lat="18.4910919" lon="73.385708" />
      <trkpt lat="18.4913183" lon="73.3857188" />
      <trkpt lat="18.4915523" lon="73.385818" />
      <trkpt lat="18.4917024" lon="73.3859092" />
      <trkpt lat="18.4920101" lon="73.3860594" />
      <trkpt lat="18.4922772" lon="73.3861962" />
      <trkpt lat="18.4926079" lon="73.3863544" />
      <trkpt lat="18.4929869" lon="73.3864537" />
      <trkpt lat="18.493544" lon="73.3866844" />
      <trkpt lat="18.4937984" lon="73.3868453" />
      <trkpt lat="18.4939993" lon="73.3869982" />
    </trkseg>
    <trkseg>
      <trkpt lat="18.4874182" lon="73.3825724" />
      <trkpt lat="18.4875708" lon="73.3827977" />
      <trkpt lat="18.4879523" lon="73.3828996" />
      <trkpt lat="18.4882779" lon="73.383023" />
      <trkpt lat="18.4884254" lon="73.3830928" />
      <trkpt lat="18.4886543" lon="73.383243" />
      <trkpt lat="18.4887713" lon="73.3832752" />
      <trkpt lat="18.4891834" lon="73.3832859" />
      <trkpt lat="18.4893513" lon="73.3832001" />
      <trkpt lat="18.4895293" lon="73.383023" />
      <trkpt lat="18.4896412" lon="73.3829372" />
      <trkpt lat="18.4897633" lon="73.3828889" />
      <trkpt lat="18.4902517" lon="73.3829962" />
      <trkpt lat="18.4905518" lon="73.3831625" />
      <trkpt lat="18.4908214" lon="73.3833985" />
      <trkpt lat="18.4910554" lon="73.383656" />
      <trkpt lat="18.4912436" lon="73.3838116" />
      <trkpt lat="18.4915336" lon="73.3841603" />
      <trkpt lat="18.4915692" lon="73.3842837" />
      <trkpt lat="18.4916048" lon="73.3848255" />
      <trkpt lat="18.4917218" lon="73.385024" />
      <trkpt lat="18.4920474" lon="73.3853351" />
      <trkpt lat="18.4921695" lon="73.3853995" />
      <trkpt lat="18.4923475" lon="73.3854585" />
      <trkpt lat="18.4924798" lon="73.3855819" />
      <trkpt lat="18.4926528" lon="73.3857053" />
      <trkpt lat="18.4928257" lon="73.3857804" />
      <trkpt lat="18.4931208" lon="73.3858447" />
      <trkpt lat="18.4934005" lon="73.3859359" />
      <trkpt lat="18.493604" lon="73.3860218" />
      <trkpt lat="18.4938228" lon="73.3861559" />
      <trkpt lat="18.4939652" lon="73.3863061" />
      <trkpt lat="18.4940619" lon="73.3864402" />
      <trkpt lat="18.4944259" lon="73.3873414" />
    </trkseg>
    <trkseg>
      <trkpt lat="18.477153" lon="73.4173178" />
      <trkpt lat="18.4771593" lon="73.4171314" />
      <trkpt lat="18.4771822" lon="73.4169906" />
      <trkpt lat="18.4771338" lon="73.4168592" />
      <trkpt lat="18.477116" lon="73.4166259" />
      <trkpt lat="18.47706" lon="73.4164515" />
      <trkpt lat="18.4770346" lon="73.4162289" />
      <trkpt lat="18.4769736" lon="73.4160867" />
      <trkpt lat="18.4768972" lon="73.4159633" />
      <trkpt lat="18.4768387" lon="73.4158051" />
      <trkpt lat="18.476826" lon="73.4155852" />
      <trkpt lat="18.4767828" lon="73.4154591" />
      <trkpt lat="18.4766835" lon="73.4153357" />
      <trkpt lat="18.476625" lon="73.4152311" />
      <trkpt lat="18.4766225" lon="73.4150809" />
      <trkpt lat="18.4766225" lon="73.4149843" />
      <trkpt lat="18.4765818" lon="73.4148288" />
      <trkpt lat="18.476564" lon="73.4146893" />
      <trkpt lat="18.4764927" lon="73.4145579" />
      <trkpt lat="18.4764317" lon="73.4144104" />
      <trkpt lat="18.4764139" lon="73.4142521" />
      <trkpt lat="18.4763681" lon="73.414126" />
      <trkpt lat="18.4762841" lon="73.4139812" />
      <trkpt lat="18.4762282" lon="73.4138927" />
      <trkpt lat="18.4761162" lon="73.4137854" />
      <trkpt lat="18.475984" lon="73.4136808" />
      <trkpt lat="18.4759305" lon="73.413603" />
      <trkpt lat="18.4758746" lon="73.4134608" />
      <trkpt lat="18.4758059" lon="73.4133509" />
      <trkpt lat="18.4757601" lon="73.4132141" />
      <trkpt lat="18.4756787" lon="73.4130156" />
      <trkpt lat="18.4756329" lon="73.4128171" />
      <trkpt lat="18.4756303" lon="73.4126776" />
      <trkpt lat="18.4756074" lon="73.4124979" />
      <trkpt lat="18.4756227" lon="73.4123558" />
      <trkpt lat="18.4755769" lon="73.4121734" />
      <trkpt lat="18.4755311" lon="73.4120607" />
      <trkpt lat="18.4755947" lon="73.4119239" />
      <trkpt lat="18.4757067" lon="73.4118837" />
      <trkpt lat="18.4758033" lon="73.4118193" />
      <trkpt lat="18.4757982" lon="73.4115887" />
      <trkpt lat="18.4757397" lon="73.4114546" />
      <trkpt lat="18.4757016" lon="73.4113231" />
      <trkpt lat="18.4756812" lon="73.4111327" />
      <trkpt lat="18.4756202" lon="73.4109986" />
      <trkpt lat="18.4755744" lon="73.4108618" />
      <trkpt lat="18.4755566" lon="73.4107196" />
      <trkpt lat="18.4754853" lon="73.4106231" />
      <trkpt lat="18.4753861" lon="73.4105533" />
      <trkpt lat="18.4753149" lon="73.4104004" />
      <trkpt lat="18.4753912" lon="73.4102368" />
      <trkpt lat="18.4754395" lon="73.4100491" />
      <trkpt lat="18.4754675" lon="73.4098345" />
      <trkpt lat="18.4755413" lon="73.4096092" />
      <trkpt lat="18.4756253" lon="73.4094724" />
      <trkpt lat="18.4756329" lon="73.4093061" />
      <trkpt lat="18.4756685" lon="73.4092095" />
      <trkpt lat="18.4757982" lon="73.4091854" />
      <trkpt lat="18.4759178" lon="73.409223" />
      <trkpt lat="18.4760577" lon="73.4092498" />
      <trkpt lat="18.4761569" lon="73.4092256" />
      <trkpt lat="18.4762587" lon="73.4092122" />
      <trkpt lat="18.4763884" lon="73.4091639" />
      <trkpt lat="18.4765691" lon="73.4091184" />
      <trkpt lat="18.4767268" lon="73.4090137" />
      <trkpt lat="18.4768667" lon="73.4089306" />
      <trkpt lat="18.4769608" lon="73.4088796" />
      <trkpt lat="18.4771211" lon="73.4088716" />
      <trkpt lat="18.4772763" lon="73.4088367" />
      <trkpt lat="18.4773984" lon="73.4087482" />
      <trkpt lat="18.4774849" lon="73.4086382" />
      <trkpt lat="18.477607" lon="73.4085417" />
      <trkpt lat="18.4776757" lon="73.4084478" />
      <trkpt lat="18.4777673" lon="73.4083754" />
      <trkpt lat="18.4778716" lon="73.408311" />
      <trkpt lat="18.4779733" lon="73.4082547" />
      <trkpt lat="18.4780445" lon="73.408201" />
    </trkseg>
    <trkseg>
      <trkpt lat="18.4945177" lon="73.4280206" />
      <trkpt lat="18.4946245" lon="73.4271246" />
      <trkpt lat="18.4946245" lon="73.4268885" />
      <trkpt lat="18.494711" lon="73.426395" />
      <trkpt lat="18.4947211" lon="73.4261964" />
      <trkpt lat="18.4947771" lon="73.4258745" />
      <trkpt lat="18.4948076" lon="73.4256224" />
      <trkpt lat="18.4947771" lon="73.4252307" />
      <trkpt lat="18.4948737" lon="73.4249732" />
      <trkpt lat="18.4949195" lon="73.4247586" />
      <trkpt lat="18.4949246" lon="73.4245708" />
      <trkpt lat="18.494894" lon="73.4243937" />
      <trkpt lat="18.4948686" lon="73.4240772" />
      <trkpt lat="18.4949144" lon="73.4239431" />
      <trkpt lat="18.4952348" lon="73.4236104" />
      <trkpt lat="18.4953619" lon="73.4233636" />
      <trkpt lat="18.4954077" lon="73.4232831" />
      <trkpt lat="18.4956722" lon="73.4231168" />
      <trkpt lat="18.4957637" lon="73.4231276" />
      <trkpt lat="18.4958552" lon="73.4232402" />
      <trkpt lat="18.4959366" lon="73.4234548" />
      <trkpt lat="18.4962011" lon="73.4235782" />
      <trkpt lat="18.496313" lon="73.4236963" />
      <trkpt lat="18.4964147" lon="73.4237499" />
      <trkpt lat="18.496613" lon="73.4237767" />
      <trkpt lat="18.4967452" lon="73.4237338" />
      <trkpt lat="18.4968012" lon="73.4236963" />
      <trkpt lat="18.4968673" lon="73.4236855" />
      <trkpt lat="18.4969131" lon="73.4237177" />
      <trkpt lat="18.4970199" lon="73.4242703" />
      <trkpt lat="18.4970199" lon="73.4256492" />
      <trkpt lat="18.4974979" lon="73.4258531" />
      <trkpt lat="18.497737" lon="73.4260301" />
      <trkpt lat="18.4982201" lon="73.4262555" />
      <trkpt lat="18.4984642" lon="73.4262608" />
    </trkseg>
    <trkseg>
      <trkpt lat="18.4714836" lon="73.4414846" />
      <trkpt lat="18.4714276" lon="73.4407659" />
    </trkseg>
    <trkseg>
      <trkpt lat="18.4714836" lon="73.4414846" />
      <trkpt lat="18.4714938" lon="73.4418172" />
      <trkpt lat="18.471621" lon="73.4421767" />
      <trkpt lat="18.4717635" lon="73.4428956" />
      <trkpt lat="18.4719823" lon="73.4435447" />
    </trkseg>
    <trkseg>
      <trkpt lat="18.4974957" lon="73.4276576" />
      <trkpt lat="18.4982314" lon="73.4281225" />
      <trkpt lat="18.4984959" lon="73.4280528" />
      <trkpt lat="18.4986079" lon="73.4280206" />
      <trkpt lat="18.4987147" lon="73.4280152" />
      <trkpt lat="18.4986943" lon="73.4280796" />
      <trkpt lat="18.4986384" lon="73.4281708" />
      <trkpt lat="18.4985519" lon="73.4282298" />
      <trkpt lat="18.4984756" lon="73.4282995" />
      <trkpt lat="18.4984095" lon="73.42838" />
      <trkpt lat="18.4983484" lon="73.4284497" />
      <trkpt lat="18.4983128" lon="73.4285195" />
      <trkpt lat="18.4982924" lon="73.4285731" />
      <trkpt lat="18.4982772" lon="73.4286482" />
      <trkpt lat="18.498267" lon="73.4287072" />
      <trkpt lat="18.4983077" lon="73.4287394" />
      <trkpt lat="18.4984298" lon="73.4286428" />
      <trkpt lat="18.4985214" lon="73.4285892" />
      <trkpt lat="18.4986282" lon="73.4285409" />
      <trkpt lat="18.49873" lon="73.4284712" />
      <trkpt lat="18.498791" lon="73.4283907" />
    </trkseg>
    <trkseg>
      <trkpt lat="18.4909989" lon="73.4282789" />
      <trkpt lat="18.4911294" lon="73.4282405" />
      <trkpt lat="18.4912363" lon="73.4282083" />
      <trkpt lat="18.4913482" lon="73.428203" />
      <trkpt lat="18.4914347" lon="73.4281869" />
      <trkpt lat="18.4915415" lon="73.4281171" />
      <trkpt lat="18.4916128" lon="73.4280742" />
      <trkpt lat="18.4917303" lon="73.4280576" />
      <trkpt lat="18.4918269" lon="73.4280629" />
      <trkpt lat="18.491979" lon="73.4280581" />
      <trkpt lat="18.4922538" lon="73.4280796" />
      <trkpt lat="18.492412" lon="73.4281005" />
      <trkpt lat="18.4925641" lon="73.4280957" />
      <trkpt lat="18.4927472" lon="73.4280903" />
      <trkpt lat="18.4932107" lon="73.4281166" />
      <trkpt lat="18.4935256" lon="73.4281386" />
      <trkpt lat="18.4936579" lon="73.4281279" />
      <trkpt lat="18.4937749" lon="73.4281761" />
      <trkpt lat="18.4939021" lon="73.4281869" />
      <trkpt lat="18.4940344" lon="73.42816" />
      <trkpt lat="18.494248" lon="73.4280742" />
      <trkpt lat="18.4945177" lon="73.4280206" />
      <trkpt lat="18.4949455" lon="73.4278859" />
      <trkpt lat="18.495617" lon="73.427725" />
      <trkpt lat="18.4958251" lon="73.4276987" />
      <trkpt lat="18.4959167" lon="73.4276826" />
      <trkpt lat="18.4959426" lon="73.4277572" />
      <trkpt lat="18.496054" lon="73.4277684" />
      <trkpt lat="18.4965729" lon="73.4277684" />
      <trkpt lat="18.496955" lon="73.4277679" />
      <trkpt lat="18.4971275" lon="73.4277845" />
      <trkpt lat="18.4972343" lon="73.4278167" />
      <trkpt lat="18.4973208" lon="73.4278435" />
      <trkpt lat="18.4973767" lon="73.4278006" />
      <trkpt lat="18.4974957" lon="73.4276576" />
      <trkpt lat="18.4981042" lon="73.4269262" />
      <trkpt lat="18.4984552" lon="73.426599" />
    </trkseg>
    <trkseg>
      <trkpt lat="18.4952354" lon="73.4384156" />
      <trkpt lat="18.4952941" lon="73.4385261" />
      <trkpt lat="18.4953882" lon="73.4385958" />
      <trkpt lat="18.4954976" lon="73.4386253" />
      <trkpt lat="18.4956425" lon="73.4386119" />
      <trkpt lat="18.4957596" lon="73.4386361" />
      <trkpt lat="18.4958257" lon="73.4387407" />
      <trkpt lat="18.4959351" lon="73.4388587" />
      <trkpt lat="18.4960419" lon="73.4389472" />
      <trkpt lat="18.4961055" lon="73.439025" />
      <trkpt lat="18.4961843" lon="73.4390947" />
      <trkpt lat="18.4962454" lon="73.4392557" />
      <trkpt lat="18.4963013" lon="73.4393871" />
      <trkpt lat="18.4963827" lon="73.4394649" />
      <trkpt lat="18.4964438" lon="73.4396151" />
      <trkpt lat="18.4964819" lon="73.4398672" />
      <trkpt lat="18.4965652" lon="73.4402943" />
      <trkpt lat="18.4966117" lon="73.4405324" />
      <trkpt lat="18.4967261" lon="73.4413236" />
    </trkseg>
    <trkseg>
      <trkpt lat="18.4945533" lon="73.4334944" />
      <trkpt lat="18.494536" lon="73.4336834" />
      <trkpt lat="18.4945004" lon="73.4339717" />
    </trkseg>
    <trkseg>
      <trkpt lat="18.4947411" lon="73.4335166" />
      <trkpt lat="18.4945533" lon="73.4334944" />
      <trkpt lat="18.4943478" lon="73.4334701" />
      <trkpt lat="18.4942995" lon="73.4337196" />
    </trkseg>
    <trkseg>
      <trkpt lat="18.4947068" lon="73.4336919" />
      <trkpt lat="18.494536" lon="73.4336834" />
    </trkseg>
    <trkseg>
      <trkpt lat="18.4950264" lon="73.4333233" />
      <trkpt lat="18.4949087" lon="73.4333628" />
      <trkpt lat="18.4948337" lon="73.4334084" />
      <trkpt lat="18.4947561" lon="73.4334795" />
      <trkpt lat="18.4947411" lon="73.4335166" />
      <trkpt lat="18.4947128" lon="73.4335868" />
      <trkpt lat="18.4947068" lon="73.4336919" />
      <trkpt lat="18.4947039" lon="73.4337424" />
    </trkseg>
    <trkseg>
      <trkpt lat="18.4953635" lon="73.436387" />
      <trkpt lat="18.4952356" lon="73.4364273" />
      <trkpt lat="18.4950766" lon="73.436442" />
    </trkseg>
    <trkseg>
      <trkpt lat="18.4953609" lon="73.4363275" />
      <trkpt lat="18.4951885" lon="73.4362288" />
      <trkpt lat="18.4950104" lon="73.4361175" />
      <trkpt lat="18.4948756" lon="73.4360531" />
      <trkpt lat="18.494765" lon="73.4360357" />
      <trkpt lat="18.4946887" lon="73.436037" />
    </trkseg>
    <trkseg>
      <trkpt lat="18.4945284" lon="73.4360182" />
      <trkpt lat="18.4946887" lon="73.436037" />
    </trkseg>
    <trkseg>
      <trkpt lat="18.4951154" lon="73.4339322" />
      <trkpt lat="18.4954812" lon="73.433647" />
      <trkpt lat="18.4962646" lon="73.4335827" />
      <trkpt lat="18.4965189" lon="73.433529" />
      <trkpt lat="18.4966766" lon="73.4334646" />
    </trkseg>
    <trkseg>
      <trkpt lat="18.4893036" lon="73.4493722" />
      <trkpt lat="18.4893546" lon="73.4494581" />
      <trkpt lat="18.4893907" lon="73.4495245" />
      <trkpt lat="18.4894226" lon="73.4495493" />
    </trkseg>
    <trkseg>
      <trkpt lat="18.4965652" lon="73.4402943" />
      <trkpt lat="18.4964209" lon="73.4405029" />
      <trkpt lat="18.4962632" lon="73.4406182" />
      <trkpt lat="18.4961004" lon="73.4406155" />
      <trkpt lat="18.4958842" lon="73.4404439" />
      <trkpt lat="18.4957417" lon="73.4401971" />
      <trkpt lat="18.4956934" lon="73.4401247" />
      <trkpt lat="18.4955154" lon="73.4401005" />
      <trkpt lat="18.495378" lon="73.4401461" />
      <trkpt lat="18.4952864" lon="73.4402963" />
    </trkseg>
    <trkseg>
      <trkpt lat="18.4986079" lon="73.4280206" />
      <trkpt lat="18.4984947" lon="73.4277255" />
      <trkpt lat="18.4984845" lon="73.4273929" />
      <trkpt lat="18.4986575" lon="73.4269422" />
      <trkpt lat="18.4985557" lon="73.4265774" />
      <trkpt lat="18.4984552" lon="73.426599" />
    </trkseg>
    <trkseg>
      <trkpt lat="18.4882549" lon="73.4540963" />
      <trkpt lat="18.4886702" lon="73.4540749" />
      <trkpt lat="18.488772" lon="73.4539729" />
      <trkpt lat="18.488945" lon="73.4537691" />
      <trkpt lat="18.4890823" lon="73.4536618" />
      <trkpt lat="18.4893724" lon="73.4533882" />
      <trkpt lat="18.4895708" lon="73.4533292" />
    </trkseg>
  </trk>
</gpx>
