<?xml version='1.0' encoding='utf-8'?>
<gpx xmlns="http://www.topografix.com/GPX/1/1" version="1.1" creator="Wild Quest location prefetch">
  <metadata>
    <name>Sinhagad Fort</name>
  </metadata>
  <trk>
    <name>Mapped walking ways near Sinhagad Fort; not a verified route</name>
    <trkseg>
      <trkpt lat="18.361083" lon="73.7538289" />
      <trkpt lat="18.3610234" lon="73.7538087" />
      <trkpt lat="18.360967" lon="73.7538087" />
      <trkpt lat="18.3608512" lon="73.7537856" />
      <trkpt lat="18.360798" lon="73.7537658" />
      <trkpt lat="18.3607386" lon="73.7537395" />
      <trkpt lat="18.3606791" lon="73.7537032" />
      <trkpt lat="18.360651" lon="73.753657" />
      <trkpt lat="18.3606165" lon="73.7535812" />
      <trkpt lat="18.3606009" lon="73.7535054" />
      <trkpt lat="18.3605884" lon="73.7534493" />
      <trkpt lat="18.3605946" lon="73.75339" />
      <trkpt lat="18.3606478" lon="73.753324" />
      <trkpt lat="18.3607229" lon="73.7532284" />
      <trkpt lat="18.3607793" lon="73.753146" />
      <trkpt lat="18.3608074" lon="73.7530899" />
      <trkpt lat="18.3608512" lon="73.7530141" />
      <trkpt lat="18.3608794" lon="73.7529481" />
      <trkpt lat="18.360917" lon="73.7528888" />
      <trkpt lat="18.3609357" lon="73.7528261" />
      <trkpt lat="18.360942" lon="73.7527734" />
      <trkpt lat="18.3609389" lon="73.7527107" />
      <trkpt lat="18.3609326" lon="73.7526547" />
      <trkpt lat="18.3609326" lon="73.7525821" />
      <trkpt lat="18.3609326" lon="73.7525063" />
      <trkpt lat="18.3609389" lon="73.7524634" />
      <trkpt lat="18.3609545" lon="73.7524107" />
      <trkpt lat="18.3609576" lon="73.7523414" />
      <trkpt lat="18.3609639" lon="73.7522887" />
      <trkpt lat="18.3609608" lon="73.7522227" />
      <trkpt lat="18.3609483" lon="73.7521568" />
      <trkpt lat="18.360942" lon="73.7520975" />
      <trkpt lat="18.3609389" lon="73.7520216" />
      <trkpt lat="18.3609295" lon="73.7519458" />
      <trkpt lat="18.3609107" lon="73.751893" />
      <trkpt lat="18.3609013" lon="73.751837" />
      <trkpt lat="18.3608919" lon="73.751771" />
      <trkpt lat="18.3609232" lon="73.7517381" />
      <trkpt lat="18.3609608" lon="73.751715" />
      <trkpt lat="18.3610015" lon="73.7516886" />
      <trkpt lat="18.3610296" lon="73.7516523" />
      <trkpt lat="18.3610421" lon="73.7516128" />
      <trkpt lat="18.3610359" lon="73.7515765" />
      <trkpt lat="18.3610317" lon="73.7515705" />
      <trkpt lat="18.3610077" lon="73.7515369" />
      <trkpt lat="18.3609389" lon="73.7514875" />
      <trkpt lat="18.3608888" lon="73.7514446" />
      <trkpt lat="18.3608262" lon="73.751382" />
      <trkpt lat="18.360798" lon="73.7513523" />
      <trkpt lat="18.3606979" lon="73.75126" />
      <trkpt lat="18.3606134" lon="73.7511248" />
      <trkpt lat="18.3605696" lon="73.7510259" />
      <trkpt lat="18.3605227" lon="73.7509269" />
      <trkpt lat="18.3604444" lon="73.7507324" />
      <trkpt lat="18.3603881" lon="73.7506005" />
      <trkpt lat="18.3603474" lon="73.7505082" />
      <trkpt lat="18.360313" lon="73.750439" />
      <trkpt lat="18.3602786" lon="73.7503664" />
      <trkpt lat="18.3602442" lon="73.7503268" />
      <trkpt lat="18.360169" lon="73.7502411" />
      <trkpt lat="18.3601346" lon="73.7501554" />
      <trkpt lat="18.3600877" lon="73.7500268" />
      <trkpt lat="18.3600439" lon="73.7499378" />
      <trkpt lat="18.3599719" lon="73.7498784" />
      <trkpt lat="18.3598937" lon="73.7498191" />
      <trkpt lat="18.3598405" lon="73.7497828" />
      <trkpt lat="18.3598029" lon="73.7497498" />
      <trkpt lat="18.3597403" lon="73.7496048" />
      <trkpt lat="18.3597341" lon="73.7494861" />
      <trkpt lat="18.3597309" lon="73.7493871" />
      <trkpt lat="18.3596965" lon="73.7492948" />
      <trkpt lat="18.3596402" lon="73.7492322" />
      <trkpt lat="18.3595619" lon="73.7491464" />
      <trkpt lat="18.3594775" lon="73.7489882" />
      <trkpt lat="18.3593867" lon="73.7488233" />
      <trkpt lat="18.3593304" lon="73.748764" />
      <trkpt lat="18.3592553" lon="73.748698" />
      <trkpt lat="18.3591802" lon="73.7486519" />
      <trkpt lat="18.3590894" lon="73.7486057" />
      <trkpt lat="18.3590487" lon="73.7485562" />
      <trkpt lat="18.3589861" lon="73.748454" />
      <trkpt lat="18.3589298" lon="73.7483551" />
      <trkpt lat="18.3588766" lon="73.7482628" />
      <trkpt lat="18.3588484" lon="73.74821" />
      <trkpt lat="18.3588391" lon="73.7481342" />
      <trkpt lat="18.3588265" lon="73.7480551" />
      <trkpt lat="18.3587671" lon="73.7479528" />
      <trkpt lat="18.3587045" lon="73.7478869" />
      <trkpt lat="18.3586169" lon="73.7478539" />
      <trkpt lat="18.3584573" lon="73.7476792" />
      <trkpt lat="18.3583477" lon="73.7475902" />
      <trkpt lat="18.3581819" lon="73.7474682" />
      <trkpt lat="18.3580692" lon="73.7474088" />
      <trkpt lat="18.3579628" lon="73.747333" />
      <trkpt lat="18.3579034" lon="73.747267" />
      <trkpt lat="18.3578032" lon="73.7471648" />
      <trkpt lat="18.3577406" lon="73.7470824" />
      <trkpt lat="18.3576342" lon="73.7469703" />
      <trkpt lat="18.3575529" lon="73.7469076" />
      <trkpt lat="18.3574684" lon="73.746845" />
      <trkpt lat="18.3573557" lon="73.746779" />
      <trkpt lat="18.3572775" lon="73.7467296" />
      <trkpt lat="18.3571742" lon="73.7466867" />
      <trkpt lat="18.3570396" lon="73.7466504" />
      <trkpt lat="18.3569426" lon="73.7466373" />
      <trkpt lat="18.35688" lon="73.7466142" />
      <trkpt lat="18.3568174" lon="73.7465746" />
      <trkpt lat="18.3567455" lon="73.7465021" />
      <trkpt lat="18.3566641" lon="73.7464262" />
      <trkpt lat="18.3566203" lon="73.7463702" />
      <trkpt lat="18.356564" lon="73.7462449" />
      <trkpt lat="18.3565014" lon="73.7461031" />
      <trkpt lat="18.3564638" lon="73.7460339" />
      <trkpt lat="18.3564263" lon="73.7459679" />
      <trkpt lat="18.356348" lon="73.745836" />
      <trkpt lat="18.3562729" lon="73.7456942" />
      <trkpt lat="18.3562322" lon="73.7456283" />
      <trkpt lat="18.3561947" lon="73.7455723" />
      <trkpt lat="18.3561822" lon="73.7454338" />
      <trkpt lat="18.3561509" lon="73.7452854" />
      <trkpt lat="18.3561008" lon="73.7452063" />
      <trkpt lat="18.356057" lon="73.7451403" />
      <trkpt lat="18.3559819" lon="73.7450447" />
      <trkpt lat="18.3559099" lon="73.7449853" />
      <trkpt lat="18.3558379" lon="73.7449194" />
      <trkpt lat="18.3557691" lon="73.7448403" />
      <trkpt lat="18.3556564" lon="73.7447446" />
      <trkpt lat="18.3556142" lon="73.7446639" />
      <trkpt lat="18.3555719" lon="73.7445831" />
      <trkpt lat="18.3555219" lon="73.7444908" />
      <trkpt lat="18.3554749" lon="73.7444017" />
      <trkpt lat="18.3554092" lon="73.7442764" />
      <trkpt lat="18.3553341" lon="73.7441479" />
      <trkpt lat="18.3552715" lon="73.7440357" />
      <trkpt lat="18.3551745" lon="73.7439072" />
      <trkpt lat="18.3551025" lon="73.7437588" />
      <trkpt lat="18.3550305" lon="73.7435972" />
      <trkpt lat="18.3549679" lon="73.7434785" />
      <trkpt lat="18.3549179" lon="73.7433565" />
      <trkpt lat="18.3548834" lon="73.7431719" />
      <trkpt lat="18.3548396" lon="73.7430301" />
      <trkpt lat="18.3547896" lon="73.7428257" />
      <trkpt lat="18.354752" lon="73.742763" />
      <trkpt lat="18.3547145" lon="73.742674" />
      <trkpt lat="18.3547019" lon="73.7426113" />
      <trkpt lat="18.3546456" lon="73.7425355" />
      <trkpt lat="18.3545799" lon="73.7424333" />
      <trkpt lat="18.3545142" lon="73.7422948" />
      <trkpt lat="18.3544735" lon="73.7422157" />
      <trkpt lat="18.3544234" lon="73.742153" />
      <trkpt lat="18.3543733" lon="73.7420739" />
      <trkpt lat="18.3543014" lon="73.7420178" />
      <trkpt lat="18.3542638" lon="73.7419387" />
      <trkpt lat="18.3542419" lon="73.7418629" />
      <trkpt lat="18.3542388" lon="73.7418002" />
      <trkpt lat="18.3542638" lon="73.7417508" />
      <trkpt lat="18.3542888" lon="73.7417244" />
      <trkpt lat="18.3543045" lon="73.7416815" />
      <trkpt lat="18.3542906" lon="73.741646" />
      <trkpt lat="18.3542826" lon="73.7416255" />
      <trkpt lat="18.3542513" lon="73.7415826" />
      <trkpt lat="18.354195" lon="73.7415562" />
      <trkpt lat="18.3541136" lon="73.7415233" />
      <trkpt lat="18.354051" lon="73.7415134" />
      <trkpt lat="18.3539383" lon="73.7415134" />
      <trkpt lat="18.3538664" lon="73.7415365" />
      <trkpt lat="18.3537412" lon="73.7414969" />
      <trkpt lat="18.3536598" lon="73.7414639" />
      <trkpt lat="18.3535472" lon="73.7414309" />
      <trkpt lat="18.3534251" lon="73.7413815" />
      <trkpt lat="18.3533031" lon="73.7413221" />
      <trkpt lat="18.3531685" lon="73.7412298" />
      <trkpt lat="18.353059" lon="73.7411573" />
      <trkpt lat="18.3529807" lon="73.7410649" />
      <trkpt lat="18.3528149" lon="73.7409199" />
      <trkpt lat="18.3527084" lon="73.7408506" />
      <trkpt lat="18.3526052" lon="73.7407715" />
      <trkpt lat="18.3525207" lon="73.7407121" />
      <trkpt lat="18.3523924" lon="73.740633" />
      <trkpt lat="18.3522766" lon="73.7405308" />
      <trkpt lat="18.3521733" lon="73.7404616" />
      <trkpt lat="18.3521076" lon="73.7404154" />
      <trkpt lat="18.3519261" lon="73.7402637" />
      <trkpt lat="18.351732" lon="73.7400824" />
      <trkpt lat="18.3516507" lon="73.7399901" />
      <trkpt lat="18.3515568" lon="73.7398911" />
      <trkpt lat="18.3515067" lon="73.7398054" />
      <trkpt lat="18.351394" lon="73.7396504" />
      <trkpt lat="18.3512908" lon="73.7395251" />
      <trkpt lat="18.3512219" lon="73.7394394" />
      <trkpt lat="18.3511625" lon="73.7393999" />
      <trkpt lat="18.3510467" lon="73.7393042" />
      <trkpt lat="18.350934" lon="73.7392713" />
      <trkpt lat="18.3507055" lon="73.739169" />
      <trkpt lat="18.3504896" lon="73.7390932" />
      <trkpt lat="18.3503769" lon="73.7390306" />
      <trkpt lat="18.3502486" lon="73.7389712" />
      <trkpt lat="18.3501641" lon="73.7389349" />
      <trkpt lat="18.3500734" lon="73.7388789" />
      <trkpt lat="18.3499451" lon="73.7387371" />
      <trkpt lat="18.3498512" lon="73.7386514" />
      <trkpt lat="18.349751" lon="73.7385558" />
      <trkpt lat="18.3496603" lon="73.7385096" />
      <trkpt lat="18.3495758" lon="73.73847" />
      <trkpt lat="18.3494756" lon="73.7384404" />
      <trkpt lat="18.3494224" lon="73.7383876" />
      <trkpt lat="18.349388" lon="73.7382689" />
      <trkpt lat="18.3492534" lon="73.7380315" />
      <trkpt lat="18.3491408" lon="73.7378963" />
      <trkpt lat="18.34905" lon="73.7378007" />
      <trkpt lat="18.348978" lon="73.7377117" />
      <trkpt lat="18.348856" lon="73.7376358" />
      <trkpt lat="18.3487371" lon="73.7375303" />
      <trkpt lat="18.3486463" lon="73.7374413" />
      <trkpt lat="18.3485211" lon="73.7373787" />
      <trkpt lat="18.3484084" lon="73.737283" />
      <trkpt lat="18.3483271" lon="73.7372138" />
      <trkpt lat="18.3481831" lon="73.7370918" />
      <trkpt lat="18.3480298" lon="73.7369533" />
      <trkpt lat="18.3478952" lon="73.7368577" />
      <trkpt lat="18.3477982" lon="73.7367588" />
      <trkpt lat="18.3476855" lon="73.73665" />
      <trkpt lat="18.347601" lon="73.7365873" />
      <trkpt lat="18.3473632" lon="73.7363565" />
      <trkpt lat="18.3472348" lon="73.7363038" />
      <trkpt lat="18.3471159" lon="73.7362708" />
      <trkpt lat="18.3469907" lon="73.7362477" />
      <trkpt lat="18.3468749" lon="73.7361818" />
      <trkpt lat="18.3466308" lon="73.7361059" />
      <trkpt lat="18.3464775" lon="73.7360532" />
      <trkpt lat="18.3463523" lon="73.7360004" />
      <trkpt lat="18.3462396" lon="73.7359345" />
      <trkpt lat="18.346127" lon="73.735852" />
      <trkpt lat="18.3460706" lon="73.7357993" />
      <trkpt lat="18.3459673" lon="73.7357234" />
      <trkpt lat="18.3458515" lon="73.7357267" />
      <trkpt lat="18.3457389" lon="73.73573" />
      <trkpt lat="18.3456387" lon="73.7358092" />
      <trkpt lat="18.3455417" lon="73.7358817" />
      <trkpt lat="18.3454322" lon="73.7360136" />
      <trkpt lat="18.3453696" lon="73.7361059" />
      <trkpt lat="18.3451943" lon="73.7363005" />
      <trkpt lat="18.3450691" lon="73.7363928" />
      <trkpt lat="18.3449659" lon="73.7364752" />
      <trkpt lat="18.3448532" lon="73.7365511" />
      <trkpt lat="18.3447405" lon="73.7365972" />
      <trkpt lat="18.3446059" lon="73.7366071" />
      <trkpt lat="18.3444839" lon="73.7366599" />
      <trkpt lat="18.3443274" lon="73.736739" />
      <trkpt lat="18.3441428" lon="73.7368016" />
      <trkpt lat="18.3439957" lon="73.7368214" />
      <trkpt lat="18.3438267" lon="73.7368313" />
      <trkpt lat="18.3436295" lon="73.7368544" />
      <trkpt lat="18.3434887" lon="73.7368346" />
      <trkpt lat="18.3433854" lon="73.7368313" />
      <trkpt lat="18.3432633" lon="73.7368313" />
      <trkpt lat="18.3431068" lon="73.7368544" />
      <trkpt lat="18.3429284" lon="73.7368511" />
      <trkpt lat="18.342772" lon="73.7368412" />
      <trkpt lat="18.3426405" lon="73.7368082" />
      <trkpt lat="18.342484" lon="73.7367588" />
      <trkpt lat="18.3423588" lon="73.7366665" />
      <trkpt lat="18.3422368" lon="73.7365675" />
      <trkpt lat="18.3421085" lon="73.7365049" />
      <trkpt lat="18.3419395" lon="73.7364488" />
      <trkpt lat="18.341808" lon="73.7364159" />
      <trkpt lat="18.3416797" lon="73.7364027" />
      <trkpt lat="18.3415889" lon="73.7363763" />
      <trkpt lat="18.3414794" lon="73.7363301" />
      <trkpt lat="18.3413573" lon="73.7362708" />
      <trkpt lat="18.3412791" lon="73.7362279" />
      <trkpt lat="18.3411977" lon="73.7361752" />
      <trkpt lat="18.3411038" lon="73.7361158" />
      <trkpt lat="18.3410037" lon="73.7360763" />
      <trkpt lat="18.340891" lon="73.7360301" />
      <trkpt lat="18.3407909" lon="73.7359806" />
      <trkpt lat="18.3407032" lon="73.7359345" />
      <trkpt lat="18.34065" lon="73.7359147" />
      <trkpt lat="18.3405874" lon="73.735852" />
      <trkpt lat="18.3405154" lon="73.7358092" />
      <trkpt lat="18.3404341" lon="73.735763" />
      <trkpt lat="18.3403652" lon="73.7357333" />
      <trkpt lat="18.340337" lon="73.7357234" />
      <trkpt lat="18.3402275" lon="73.7356377" />
      <trkpt lat="18.3400992" lon="73.7356377" />
      <trkpt lat="18.3400178" lon="73.7356377" />
      <trkpt lat="18.3398801" lon="73.7356377" />
      <trkpt lat="18.3398112" lon="73.7356344" />
      <trkpt lat="18.3397549" lon="73.7356311" />
      <trkpt lat="18.3397174" lon="73.7356278" />
      <trkpt lat="18.3396798" lon="73.7356377" />
      <trkpt lat="18.3395796" lon="73.7355817" />
      <trkpt lat="18.3394795" lon="73.7355322" />
      <trkpt lat="18.3393762" lon="73.7355322" />
      <trkpt lat="18.3392667" lon="73.7355322" />
      <trkpt lat="18.3391665" lon="73.7355289" />
      <trkpt lat="18.3390695" lon="73.7354696" />
      <trkpt lat="18.3389412" lon="73.7354498" />
      <trkpt lat="18.3388692" lon="73.7354465" />
      <trkpt lat="18.338769" lon="73.7354003" />
      <trkpt lat="18.3386783" lon="73.7353608" />
      <trkpt lat="18.3386282" lon="73.7353575" />
      <trkpt lat="18.3384373" lon="73.7353344" />
      <trkpt lat="18.3383747" lon="73.7353146" />
      <trkpt lat="18.3382151" lon="73.7352322" />
      <trkpt lat="18.338068" lon="73.7351827" />
      <trkpt lat="18.3379647" lon="73.7351629" />
      <trkpt lat="18.3378896" lon="73.735153" />
      <trkpt lat="18.3377425" lon="73.7351662" />
      <trkpt lat="18.3375891" lon="73.7352223" />
      <trkpt lat="18.3374264" lon="73.7352552" />
      <trkpt lat="18.3373012" lon="73.7352651" />
      <trkpt lat="18.3371509" lon="73.7352421" />
      <trkpt lat="18.3370414" lon="73.7352421" />
      <trkpt lat="18.3368912" lon="73.7352256" />
      <trkpt lat="18.3367597" lon="73.7351959" />
      <trkpt lat="18.3366721" lon="73.7351926" />
      <trkpt lat="18.3366001" lon="73.7351926" />
      <trkpt lat="18.3365218" lon="73.7352322" />
      <trkpt lat="18.3363747" lon="73.7352816" />
      <trkpt lat="18.3362245" lon="73.7352849" />
      <trkpt lat="18.3361494" lon="73.7352849" />
      <trkpt lat="18.336068" lon="73.7353377" />
      <trkpt lat="18.3360117" lon="73.7353509" />
      <trkpt lat="18.3359334" lon="73.7353542" />
      <trkpt lat="18.3358802" lon="73.7353805" />
      <trkpt lat="18.3357718" lon="73.7353332" />
    </trkseg>
    <trkseg>
      <trkpt lat="18.3684712" lon="73.7208136" />
      <trkpt lat="18.3688682" lon="73.7209457" />
      <trkpt lat="18.369079" lon="73.7212524" />
      <trkpt lat="18.3692439" lon="73.7216033" />
      <trkpt lat="18.3694694" lon="73.7217713" />
      <trkpt lat="18.3697154" lon="73.7224252" />
      <trkpt lat="18.3697211" lon="73.7226106" />
      <trkpt lat="18.3699608" lon="73.7228446" />
      <trkpt lat="18.3701299" lon="73.7229093" />
      <trkpt lat="18.3706029" lon="73.7228978" />
      <trkpt lat="18.3709237" lon="73.7230793" />
      <trkpt lat="18.3714085" lon="73.7231564" />
      <trkpt lat="18.3716318" lon="73.7232608" />
      <trkpt lat="18.3719069" lon="73.7236235" />
      <trkpt lat="18.3720657" lon="73.7239049" />
      <trkpt lat="18.3720698" lon="73.724043" />
      <trkpt lat="18.3719008" lon="73.7239832" />
      <trkpt lat="18.372162" lon="73.7244454" />
      <trkpt lat="18.3724011" lon="73.7251413" />
      <trkpt lat="18.3729189" lon="73.7262697" />
      <trkpt lat="18.3729994" lon="73.7262771" />
      <trkpt lat="18.3732966" lon="73.726131" />
      <trkpt lat="18.3735003" lon="73.7260877" />
      <trkpt lat="18.3738668" lon="73.7260912" />
      <trkpt lat="18.3742627" lon="73.7257362" />
      <trkpt lat="18.3744036" lon="73.7255613" />
      <trkpt lat="18.3745186" lon="73.725223" />
      <trkpt lat="18.3746451" lon="73.7250655" />
      <trkpt lat="18.3749535" lon="73.7246962" />
      <trkpt lat="18.3752979" lon="73.7240704" />
      <trkpt lat="18.3756094" lon="73.7238451" />
      <trkpt lat="18.3761094" lon="73.7234892" />
      <trkpt lat="18.3764299" lon="73.7233335" />
      <trkpt lat="18.3764539" lon="73.7234789" />
      <trkpt lat="18.3765913" lon="73.7235764" />
      <trkpt lat="18.3767624" lon="73.7239376" />
      <trkpt lat="18.3770078" lon="73.7241125" />
      <trkpt lat="18.3770879" lon="73.7242771" />
      <trkpt lat="18.3770661" lon="73.7246547" />
      <trkpt lat="18.3769613" lon="73.7248896" />
      <trkpt lat="18.3773297" lon="73.7251245" />
      <trkpt lat="18.3774078" lon="73.7252897" />
      <trkpt lat="18.3774353" lon="73.725428" />
      <trkpt lat="18.3772784" lon="73.7256369" />
      <trkpt lat="18.3769762" lon="73.725732" />
      <trkpt lat="18.3765686" lon="73.7263179" />
      <trkpt lat="18.3758115" lon="73.7271935" />
      <trkpt lat="18.3755645" lon="73.7275961" />
      <trkpt lat="18.375146" lon="73.7278745" />
      <trkpt lat="18.3747584" lon="73.7283481" />
      <trkpt lat="18.3740601" lon="73.7285643" />
      <trkpt lat="18.3737196" lon="73.7287198" />
      <trkpt lat="18.373303" lon="73.7291315" />
      <trkpt lat="18.3729227" lon="73.7293325" />
      <trkpt lat="18.3726053" lon="73.7294389" />
      <trkpt lat="18.3721986" lon="73.7293949" />
      <trkpt lat="18.371882" lon="73.7296707" />
      <trkpt lat="18.3722222" lon="73.7300347" />
      <trkpt lat="18.3720886" lon="73.7303574" />
      <trkpt lat="18.3720228" lon="73.730781" />
      <trkpt lat="18.3716241" lon="73.7311032" />
      <trkpt lat="18.3713788" lon="73.7314415" />
      <trkpt lat="18.3711444" lon="73.7318088" />
      <trkpt lat="18.3707019" lon="73.7319416" />
      <trkpt lat="18.3705169" lon="73.7323642" />
      <trkpt lat="18.3704978" lon="73.7326418" />
      <trkpt lat="18.3703958" lon="73.733002" />
      <trkpt lat="18.3704925" lon="73.7331631" />
      <trkpt lat="18.3704656" lon="73.7333241" />
      <trkpt lat="18.3705755" lon="73.7337395" />
      <trkpt lat="18.370639" lon="73.7342102" />
      <trkpt lat="18.3706594" lon="73.7344007" />
      <trkpt lat="18.3707518" lon="73.7345694" />
      <trkpt lat="18.3705431" lon="73.7348275" />
      <trkpt lat="18.3704652" lon="73.735154" />
      <trkpt lat="18.3703676" lon="73.7353968" />
      <trkpt lat="18.3703557" lon="73.7357186" />
      <trkpt lat="18.3701712" lon="73.7359344" />
      <trkpt lat="18.3700502" lon="73.7363381" />
      <trkpt lat="18.3700055" lon="73.7364883" />
      <trkpt lat="18.3699371" lon="73.7368203" />
      <trkpt lat="18.3699493" lon="73.7370285" />
      <trkpt lat="18.3700952" lon="73.7374427" />
      <trkpt lat="18.3698337" lon="73.7383632" />
      <trkpt lat="18.3696341" lon="73.7387498" />
      <trkpt lat="18.3695446" lon="73.7391768" />
      <trkpt lat="18.3694906" lon="73.739482" />
      <trkpt lat="18.3694339" lon="73.7400368" />
      <trkpt lat="18.3694698" lon="73.7405917" />
      <trkpt lat="18.3693761" lon="73.7409308" />
      <trkpt lat="18.3691396" lon="73.7423131" />
      <trkpt lat="18.3687975" lon="73.7432534" />
      <trkpt lat="18.3687477" lon="73.7434491" />
      <trkpt lat="18.3687271" lon="73.7440822" />
      <trkpt lat="18.368587" lon="73.7442587" />
      <trkpt lat="18.3683809" lon="73.7443496" />
      <trkpt lat="18.3682208" lon="73.7443151" />
      <trkpt lat="18.3682587" lon="73.7445528" />
      <trkpt lat="18.3682382" lon="73.7446677" />
      <trkpt lat="18.3680984" lon="73.744802" />
      <trkpt lat="18.3680147" lon="73.7449826" />
      <trkpt lat="18.3681749" lon="73.7450097" />
      <trkpt lat="18.3680929" lon="73.7452232" />
      <trkpt lat="18.3679001" lon="73.7454283" />
      <trkpt lat="18.3676403" lon="73.7458358" />
      <trkpt lat="18.3676276" lon="73.7460027" />
      <trkpt lat="18.3675634" lon="73.7461697" />
      <trkpt lat="18.3675897" lon="73.7463075" />
      <trkpt lat="18.3674773" lon="73.7464344" />
      <trkpt lat="18.3673649" lon="73.7465614" />
      <trkpt lat="18.3672876" lon="73.7469054" />
      <trkpt lat="18.3673082" lon="73.7471355" />
      <trkpt lat="18.3672381" lon="73.7472157" />
      <trkpt lat="18.3673187" lon="73.7475964" />
      <trkpt lat="18.3671821" lon="73.747822" />
      <trkpt lat="18.3671905" lon="73.7479436" />
      <trkpt lat="18.3670825" lon="73.7480074" />
      <trkpt lat="18.3670406" lon="73.7482545" />
      <trkpt lat="18.3669752" lon="73.7483646" />
      <trkpt lat="18.366974" lon="73.7485063" />
      <trkpt lat="18.3669215" lon="73.7485854" />
      <trkpt lat="18.3668885" lon="73.7486768" />
      <trkpt lat="18.3668553" lon="73.7487493" />
      <trkpt lat="18.366865" lon="73.7488217" />
      <trkpt lat="18.3668253" lon="73.7488682" />
      <trkpt lat="18.3668472" lon="73.7489584" />
      <trkpt lat="18.3668472" lon="73.7491084" />
      <trkpt lat="18.3668563" lon="73.7491797" />
      <trkpt lat="18.3668193" lon="73.7492334" />
      <trkpt lat="18.3667987" lon="73.7493569" />
      <trkpt lat="18.3667982" lon="73.7494442" />
      <trkpt lat="18.3668199" lon="73.7495355" />
      <trkpt lat="18.3667714" lon="73.7496268" />
      <trkpt lat="18.3668861" lon="73.7497575" />
      <trkpt lat="18.3668073" lon="73.7498216" />
      <trkpt lat="18.3668261" lon="73.7498558" />
      <trkpt lat="18.3667622" lon="73.749994" />
      <trkpt lat="18.366712" lon="73.7500423" />
      <trkpt lat="18.3667049" lon="73.750192" />
      <trkpt lat="18.3665999" lon="73.7503374" />
      <trkpt lat="18.3666056" lon="73.7503967" />
      <trkpt lat="18.3664749" lon="73.7505759" />
      <trkpt lat="18.3663331" lon="73.7507829" />
      <trkpt lat="18.3661775" lon="73.7509218" />
      <trkpt lat="18.3661124" lon="73.7509919" />
      <trkpt lat="18.3663784" lon="73.7513514" />
      <trkpt lat="18.3664649" lon="73.7513304" />
      <trkpt lat="18.3665475" lon="73.7513423" />
      <trkpt lat="18.3665772" lon="73.7513602" />
      <trkpt lat="18.366579" lon="73.7514373" />
      <trkpt lat="18.3665755" lon="73.7515447" />
    </trkseg>
    <trkseg>
      <trkpt lat="18.3390654" lon="73.746083" />
      <trkpt lat="18.3386486" lon="73.7460602" />
      <trkpt lat="18.3386384" lon="73.7460012" />
      <trkpt lat="18.3387504" lon="73.7456686" />
      <trkpt lat="18.338781" lon="73.7455077" />
      <trkpt lat="18.3387911" lon="73.7453253" />
      <trkpt lat="18.3387708" lon="73.7452233" />
      <trkpt lat="18.3387097" lon="73.7450892" />
      <trkpt lat="18.3386231" lon="73.7449712" />
      <trkpt lat="18.3382311" lon="73.744526" />
      <trkpt lat="18.3378391" lon="73.7438608" />
      <trkpt lat="18.337447" lon="73.7434745" />
      <trkpt lat="18.3372739" lon="73.7432277" />
      <trkpt lat="18.3369074" lon="73.7429059" />
      <trkpt lat="18.3367393" lon="73.7428522" />
      <trkpt lat="18.3360927" lon="73.7427503" />
    </trkseg>
    <trkseg>
      <trkpt lat="18.3362686" lon="73.7593572" />
      <trkpt lat="18.3364481" lon="73.7594853" />
      <trkpt lat="18.3365214" lon="73.7595463" />
      <trkpt lat="18.3365754" lon="73.7595849" />
      <trkpt lat="18.3367703" lon="73.7596459" />
      <trkpt lat="18.3368649" lon="73.7596642" />
      <trkpt lat="18.336915" lon="73.7596459" />
      <trkpt lat="18.3370667" lon="73.7596352" />
      <trkpt lat="18.3371077" lon="73.7596552" />
      <trkpt lat="18.3372554" lon="73.7598663" />
      <trkpt lat="18.3372949" lon="73.7598848" />
      <trkpt lat="18.337368" lon="73.7598909" />
      <trkpt lat="18.3375873" lon="73.7598894" />
      <trkpt lat="18.3376283" lon="73.7599033" />
      <trkpt lat="18.337656" lon="73.7599464" />
      <trkpt lat="18.3378842" lon="73.7603947" />
      <trkpt lat="18.3379105" lon="73.7604224" />
      <trkpt lat="18.3379543" lon="73.7604332" />
      <trkpt lat="18.338102" lon="73.7604024" />
      <trkpt lat="18.3381459" lon="73.7604009" />
      <trkpt lat="18.3381912" lon="73.760427" />
      <trkpt lat="18.3383857" lon="73.7606134" />
      <trkpt lat="18.3384237" lon="73.7606304" />
      <trkpt lat="18.3384822" lon="73.7606458" />
      <trkpt lat="18.3387279" lon="73.7606612" />
      <trkpt lat="18.3387849" lon="73.7606751" />
      <trkpt lat="18.3388624" lon="73.7606936" />
      <trkpt lat="18.3389794" lon="73.7607074" />
      <trkpt lat="18.3390145" lon="73.7607244" />
      <trkpt lat="18.3390467" lon="73.7607598" />
      <trkpt lat="18.3392451" lon="73.7612304" />
    </trkseg>
    <trkseg>
      <trkpt lat="18.3392779" lon="73.7563707" />
      <trkpt lat="18.3389045" lon="73.7562291" />
      <trkpt lat="18.3388173" lon="73.756193" />
      <trkpt lat="18.3387622" lon="73.7561488" />
      <trkpt lat="18.3387173" lon="73.7561032" />
      <trkpt lat="18.3384742" lon="73.75574" />
      <trkpt lat="18.3383993" lon="73.7556681" />
      <trkpt lat="18.3383331" lon="73.7556196" />
      <trkpt lat="18.3382378" lon="73.7555847" />
      <trkpt lat="18.338073" lon="73.7555538" />
      <trkpt lat="18.337999" lon="73.7555441" />
      <trkpt lat="18.3378155" lon="73.7555254" />
      <trkpt lat="18.3377119" lon="73.7555231" />
      <trkpt lat="18.3374025" lon="73.7555714" />
      <trkpt lat="18.3369242" lon="73.7557939" />
      <trkpt lat="18.3368398" lon="73.7558114" />
      <trkpt lat="18.3365329" lon="73.7558168" />
      <trkpt lat="18.3363407" lon="73.7558194" />
      <trkpt lat="18.336095" lon="73.755802" />
      <trkpt lat="18.3360109" lon="73.7557752" />
      <trkpt lat="18.3359549" lon="73.755743" />
      <trkpt lat="18.335557" lon="73.7553292" />
      <trkpt lat="18.3355042" lon="73.7552789" />
      <trkpt lat="18.3353941" lon="73.7552199" />
      <trkpt lat="18.3353451" lon="73.7551851" />
      <trkpt lat="18.3351745" lon="73.7550161" />
      <trkpt lat="18.3351312" lon="73.7549893" />
      <trkpt lat="18.3350688" lon="73.7549759" />
      <trkpt lat="18.3349631" lon="73.7549732" />
      <trkpt lat="18.3349058" lon="73.7549866" />
      <trkpt lat="18.3344462" lon="73.7551945" />
      <trkpt lat="18.3343352" lon="73.7552302" />
      <trkpt lat="18.3339841" lon="73.7552978" />
      <trkpt lat="18.3335737" lon="73.7554318" />
      <trkpt lat="18.3335423" lon="73.7554393" />
      <trkpt lat="18.3335059" lon="73.755438" />
      <trkpt lat="18.3331924" lon="73.7552594" />
      <trkpt lat="18.33315" lon="73.7552429" />
      <trkpt lat="18.3330878" lon="73.7552441" />
      <trkpt lat="18.3328535" lon="73.7553031" />
      <trkpt lat="18.3327161" lon="73.7553227" />
    </trkseg>
    <trkseg>
      <trkpt lat="18.3396637" lon="73.7623609" />
      <trkpt lat="18.3394946" lon="73.7623619" />
      <trkpt lat="18.3394103" lon="73.7623698" />
      <trkpt lat="18.3393521" lon="73.762353" />
      <trkpt lat="18.3392982" lon="73.7623047" />
      <trkpt lat="18.3391286" lon="73.7620079" />
      <trkpt lat="18.338993" lon="73.7617102" />
    </trkseg>
    <trkseg>
      <trkpt lat="18.3543347" lon="73.7415902" />
      <trkpt lat="18.3543704" lon="73.7415182" />
      <trkpt lat="18.3543332" lon="73.7414587" />
      <trkpt lat="18.3543485" lon="73.7413946" />
      <trkpt lat="18.354305" lon="73.7413043" />
      <trkpt lat="18.3544199" lon="73.7412498" />
      <trkpt lat="18.3545007" lon="73.7411953" />
      <trkpt lat="18.3545488" lon="73.7410376" />
      <trkpt lat="18.3545989" lon="73.7409993" />
      <trkpt lat="18.3546596" lon="73.7408069" />
      <trkpt lat="18.3547312" lon="73.7406748" />
      <trkpt lat="18.3548437" lon="73.7406536" />
      <trkpt lat="18.3548468" lon="73.7405137" />
      <trkpt lat="18.3548851" lon="73.7404292" />
      <trkpt lat="18.354991" lon="73.7402736" />
      <trkpt lat="18.3550234" lon="73.7401629" />
      <trkpt lat="18.355034" lon="73.7400604" />
      <trkpt lat="18.3550923" lon="73.7399772" />
      <trkpt lat="18.355128" lon="73.7398497" />
      <trkpt lat="18.3552446" lon="73.7396407" />
      <trkpt lat="18.3552895" lon="73.7395027" />
      <trkpt lat="18.3553503" lon="73.7393502" />
      <trkpt lat="18.3553874" lon="73.7391977" />
      <trkpt lat="18.3555332" lon="73.7389242" />
      <trkpt lat="18.3555986" lon="73.7388465" />
      <trkpt lat="18.3556038" lon="73.7387529" />
      <trkpt lat="18.3556867" lon="73.7386158" />
      <trkpt lat="18.3557066" lon="73.738553" />
      <trkpt lat="18.3557366" lon="73.7384972" />
      <trkpt lat="18.3557967" lon="73.7384573" />
      <trkpt lat="18.3558729" lon="73.7383633" />
      <trkpt lat="18.3558759" lon="73.7383117" />
      <trkpt lat="18.3558579" lon="73.7381561" />
      <trkpt lat="18.3558826" lon="73.7380822" />
      <trkpt lat="18.3559288" lon="73.7379343" />
      <trkpt lat="18.3559784" lon="73.7378771" />
      <trkpt lat="18.3560213" lon="73.7377842" />
      <trkpt lat="18.3560354" lon="73.7376213" />
      <trkpt lat="18.356025" lon="73.7375215" />
      <trkpt lat="18.3560386" lon="73.7374131" />
      <trkpt lat="18.3559797" lon="73.7373112" />
      <trkpt lat="18.3559558" lon="73.7372511" />
      <trkpt lat="18.3560113" lon="73.7371283" />
      <trkpt lat="18.3560608" lon="73.7368743" />
      <trkpt lat="18.3561482" lon="73.7367059" />
      <trkpt lat="18.3561391" lon="73.7366021" />
      <trkpt lat="18.3561466" lon="73.7364519" />
      <trkpt lat="18.356123" lon="73.7363396" />
      <trkpt lat="18.3561341" lon="73.7362804" />
      <trkpt lat="18.3561093" lon="73.7362016" />
      <trkpt lat="18.3561313" lon="73.7360479" />
      <trkpt lat="18.3561201" lon="73.736003" />
      <trkpt lat="18.3561256" lon="73.735952" />
      <trkpt lat="18.3561243" lon="73.7358604" />
      <trkpt lat="18.3561602" lon="73.7358118" />
      <trkpt lat="18.356352" lon="73.735629" />
      <trkpt lat="18.356391" lon="73.7354905" />
      <trkpt lat="18.3564804" lon="73.735296" />
      <trkpt lat="18.3565527" lon="73.7351774" />
      <trkpt lat="18.3566225" lon="73.7351267" />
      <trkpt lat="18.3565498" lon="73.735094" />
      <trkpt lat="18.3565586" lon="73.7350004" />
      <trkpt lat="18.3566339" lon="73.7348601" />
      <trkpt lat="18.3567133" lon="73.7347879" />
      <trkpt lat="18.3567899" lon="73.734619" />
      <trkpt lat="18.3568595" lon="73.7345518" />
      <trkpt lat="18.3572964" lon="73.7342543" />
      <trkpt lat="18.3574644" lon="73.7340124" />
      <trkpt lat="18.3575426" lon="73.7339106" />
      <trkpt lat="18.3574306" lon="73.7337943" />
      <trkpt lat="18.3573994" lon="73.7337338" />
      <trkpt lat="18.3574156" lon="73.7336661" />
      <trkpt lat="18.357555" lon="73.7335849" />
      <trkpt lat="18.357605" lon="73.7333884" />
      <trkpt lat="18.3578133" lon="73.7330459" />
      <trkpt lat="18.3581241" lon="73.7324497" />
      <trkpt lat="18.3581748" lon="73.7323197" />
      <trkpt lat="18.358187" lon="73.7321896" />
      <trkpt lat="18.3581898" lon="73.732115" />
      <trkpt lat="18.3582333" lon="73.732069" />
      <trkpt lat="18.3583398" lon="73.731958" />
      <trkpt lat="18.3583791" lon="73.7318038" />
      <trkpt lat="18.3584178" lon="73.7316721" />
      <trkpt lat="18.3583289" lon="73.7314775" />
      <trkpt lat="18.3583279" lon="73.7314252" />
      <trkpt lat="18.3583391" lon="73.731386" />
      <trkpt lat="18.3583627" lon="73.731316" />
      <trkpt lat="18.3583517" lon="73.7312135" />
      <trkpt lat="18.3584308" lon="73.7310079" />
      <trkpt lat="18.3584411" lon="73.7309485" />
      <trkpt lat="18.3584147" lon="73.7308715" />
      <trkpt lat="18.3584189" lon="73.7307945" />
      <trkpt lat="18.3584138" lon="73.730726" />
      <trkpt lat="18.3584837" lon="73.7306216" />
      <trkpt lat="18.358474" lon="73.730488" />
      <trkpt lat="18.3584575" lon="73.7304475" />
      <trkpt lat="18.3584643" lon="73.7303543" />
      <trkpt lat="18.3585189" lon="73.7302031" />
      <trkpt lat="18.3587301" lon="73.730546" />
      <trkpt lat="18.3588271" lon="73.7307317" />
      <trkpt lat="18.3588918" lon="73.7308191" />
      <trkpt lat="18.3589421" lon="73.730896" />
      <trkpt lat="18.3591621" lon="73.7310779" />
      <trkpt lat="18.3593156" lon="73.731034" />
      <trkpt lat="18.3595964" lon="73.7310274" />
      <trkpt lat="18.3598772" lon="73.731121" />
      <trkpt lat="18.3600034" lon="73.7311132" />
      <trkpt lat="18.3601035" lon="73.7310139" />
      <trkpt lat="18.3602748" lon="73.7309801" />
      <trkpt lat="18.3603271" lon="73.7309273" />
      <trkpt lat="18.3605299" lon="73.7308706" />
      <trkpt lat="18.3607248" lon="73.730609" />
      <trkpt lat="18.3608236" lon="73.7306687" />
      <trkpt lat="18.3609292" lon="73.7306176" />
      <trkpt lat="18.3610398" lon="73.730456" />
      <trkpt lat="18.361505" lon="73.730047" />
      <trkpt lat="18.3616237" lon="73.7300104" />
      <trkpt lat="18.3617425" lon="73.7300382" />
      <trkpt lat="18.3618883" lon="73.7301367" />
      <trkpt lat="18.3619203" lon="73.7300395" />
      <trkpt lat="18.362018" lon="73.7300117" />
      <trkpt lat="18.3621133" lon="73.7300634" />
      <trkpt lat="18.3621514" lon="73.7300746" />
      <trkpt lat="18.3622769" lon="73.7299568" />
      <trkpt lat="18.3623879" lon="73.7297397" />
      <trkpt lat="18.3624864" lon="73.7296676" />
      <trkpt lat="18.3625662" lon="73.729582" />
      <trkpt lat="18.3626402" lon="73.7295576" />
      <trkpt lat="18.3627167" lon="73.7294345" />
      <trkpt lat="18.3627774" lon="73.7294148" />
      <trkpt lat="18.3628382" lon="73.7294293" />
      <trkpt lat="18.3630672" lon="73.7294824" />
      <trkpt lat="18.363185" lon="73.7293668" />
      <trkpt lat="18.3633373" lon="73.7292196" />
    </trkseg>
    <trkseg>
      <trkpt lat="18.363542" lon="73.72891" />
      <trkpt lat="18.3636188" lon="73.7291729" />
      <trkpt lat="18.3636392" lon="73.729366" />
      <trkpt lat="18.363629" lon="73.7295484" />
    </trkseg>
    <trkseg>
      <trkpt lat="18.3462396" lon="73.7510667" />
      <trkpt lat="18.3462147" lon="73.750901" />
      <trkpt lat="18.3462161" lon="73.7506645" />
      <trkpt lat="18.3462417" lon="73.7502834" />
      <trkpt lat="18.3462077" lon="73.7497849" />
      <trkpt lat="18.3462558" lon="73.749065" />
      <trkpt lat="18.3463352" lon="73.7485149" />
      <trkpt lat="18.3463606" lon="73.7479999" />
      <trkpt lat="18.3463533" lon="73.747671" />
      <trkpt lat="18.3463526" lon="73.7476198" />
      <trkpt lat="18.3463664" lon="73.7475655" />
      <trkpt lat="18.3465643" lon="73.7471631" />
      <trkpt lat="18.346754" lon="73.746828" />
      <trkpt lat="18.3467594" lon="73.7467859" />
      <trkpt lat="18.3467591" lon="73.7467315" />
      <trkpt lat="18.3466679" lon="73.7462656" />
      <trkpt lat="18.3466704" lon="73.746151" />
      <trkpt lat="18.3467068" lon="73.7457198" />
      <trkpt lat="18.3467286" lon="73.7456122" />
      <trkpt lat="18.3469679" lon="73.7451554" />
      <trkpt lat="18.347198" lon="73.7448452" />
      <trkpt lat="18.3473799" lon="73.744575" />
      <trkpt lat="18.3476" lon="73.7442067" />
      <trkpt lat="18.3476142" lon="73.7441362" />
      <trkpt lat="18.3475767" lon="73.7439878" />
      <trkpt lat="18.347552" lon="73.7438914" />
    </trkseg>
    <trkseg>
      <trkpt lat="18.361083" lon="73.7538289" />
      <trkpt lat="18.3610202" lon="73.7538549" />
      <trkpt lat="18.3609608" lon="73.7538845" />
      <trkpt lat="18.3608606" lon="73.7538813" />
      <trkpt lat="18.3607824" lon="73.7538549" />
      <trkpt lat="18.3607229" lon="73.7538845" />
      <trkpt lat="18.3606353" lon="73.7538944" />
      <trkpt lat="18.3605602" lon="73.7539142" />
      <trkpt lat="18.3604757" lon="73.7539604" />
      <trkpt lat="18.3603787" lon="73.7540263" />
      <trkpt lat="18.3603036" lon="73.7540626" />
      <trkpt lat="18.3601816" lon="73.7540758" />
      <trkpt lat="18.3600564" lon="73.7540956" />
      <trkpt lat="18.3599312" lon="73.7541154" />
      <trkpt lat="18.359853" lon="73.7541154" />
      <trkpt lat="18.3598217" lon="73.7541978" />
      <trkpt lat="18.3598092" lon="73.7542308" />
      <trkpt lat="18.3597747" lon="73.7542868" />
      <trkpt lat="18.3597528" lon="73.7543264" />
      <trkpt lat="18.3597247" lon="73.7543659" />
      <trkpt lat="18.359684" lon="73.7543956" />
      <trkpt lat="18.3596527" lon="73.7544352" />
      <trkpt lat="18.3596277" lon="73.7544846" />
      <trkpt lat="18.3595839" lon="73.7544846" />
      <trkpt lat="18.3595526" lon="73.7544682" />
      <trkpt lat="18.3595213" lon="73.7545011" />
      <trkpt lat="18.3594931" lon="73.7545374" />
      <trkpt lat="18.3594587" lon="73.7545671" />
      <trkpt lat="18.3594023" lon="73.7545671" />
      <trkpt lat="18.3593711" lon="73.7545539" />
      <trkpt lat="18.3593335" lon="73.7545836" />
      <trkpt lat="18.3592866" lon="73.7546099" />
      <trkpt lat="18.3592271" lon="73.7546363" />
      <trkpt lat="18.3591614" lon="73.7546528" />
      <trkpt lat="18.3591019" lon="73.7546825" />
      <trkpt lat="18.3590299" lon="73.7546957" />
      <trkpt lat="18.3589861" lon="73.7547122" />
      <trkpt lat="18.3589486" lon="73.7547451" />
      <trkpt lat="18.3588923" lon="73.7547847" />
      <trkpt lat="18.3588265" lon="73.7548473" />
      <trkpt lat="18.3588203" lon="73.7548968" />
      <trkpt lat="18.3587733" lon="73.754966" />
      <trkpt lat="18.3587295" lon="73.7549891" />
      <trkpt lat="18.3586513" lon="73.7550518" />
      <trkpt lat="18.3586106" lon="73.7550913" />
      <trkpt lat="18.3585136" lon="73.7551474" />
      <trkpt lat="18.3584979" lon="73.755187" />
      <trkpt lat="18.358476" lon="73.7552199" />
      <trkpt lat="18.3584135" lon="73.7552232" />
      <trkpt lat="18.3583634" lon="73.755243" />
      <trkpt lat="18.3583071" lon="73.7552595" />
      <trkpt lat="18.3582601" lon="73.7552925" />
      <trkpt lat="18.3582257" lon="73.7553188" />
      <trkpt lat="18.3581787" lon="73.7553749" />
      <trkpt lat="18.3581224" lon="73.7554112" />
      <trkpt lat="18.3580943" lon="73.7554441" />
      <trkpt lat="18.3580598" lon="73.7555167" />
      <trkpt lat="18.3580129" lon="73.7555562" />
      <trkpt lat="18.3579597" lon="73.7555826" />
      <trkpt lat="18.3579253" lon="73.7556288" />
      <trkpt lat="18.3578533" lon="73.7556848" />
      <trkpt lat="18.3578001" lon="73.7557442" />
      <trkpt lat="18.3577093" lon="73.7558101" />
      <trkpt lat="18.3576342" lon="73.7558431" />
      <trkpt lat="18.3576061" lon="73.7558761" />
      <trkpt lat="18.3575779" lon="73.7559552" />
      <trkpt lat="18.3575497" lon="73.7560277" />
      <trkpt lat="18.3575278" lon="73.7561201" />
      <trkpt lat="18.3574746" lon="73.7562025" />
      <trkpt lat="18.3574371" lon="73.7562882" />
      <trkpt lat="18.357387" lon="73.756341" />
      <trkpt lat="18.357193" lon="73.7564729" />
      <trkpt lat="18.3571304" lon="73.7564861" />
      <trkpt lat="18.3570741" lon="73.7564861" />
      <trkpt lat="18.3570303" lon="73.7564861" />
      <trkpt lat="18.3569802" lon="73.7565355" />
      <trkpt lat="18.3569332" lon="73.7565553" />
      <trkpt lat="18.3568613" lon="73.7565586" />
      <trkpt lat="18.3568018" lon="73.7565586" />
      <trkpt lat="18.3567455" lon="73.7565784" />
      <trkpt lat="18.3567017" lon="73.7566278" />
      <trkpt lat="18.3566578" lon="73.756674" />
      <trkpt lat="18.3565765" lon="73.7567531" />
      <trkpt lat="18.3565233" lon="73.7568191" />
      <trkpt lat="18.3564826" lon="73.7568718" />
      <trkpt lat="18.3564357" lon="73.7568982" />
      <trkpt lat="18.3564169" lon="73.7569279" />
      <trkpt lat="18.3563574" lon="73.7569938" />
      <trkpt lat="18.3562917" lon="73.7570367" />
      <trkpt lat="18.3562103" lon="73.7570763" />
      <trkpt lat="18.3561634" lon="73.7570796" />
      <trkpt lat="18.3561446" lon="73.7571026" />
      <trkpt lat="18.3561102" lon="73.7571587" />
      <trkpt lat="18.3560633" lon="73.7572213" />
      <trkpt lat="18.3560226" lon="73.7572609" />
      <trkpt lat="18.3559631" lon="73.7573005" />
      <trkpt lat="18.3559224" lon="73.7573466" />
      <trkpt lat="18.3558411" lon="73.7573961" />
      <trkpt lat="18.3557409" lon="73.7574488" />
      <trkpt lat="18.3556689" lon="73.7574719" />
      <trkpt lat="18.3555751" lon="73.7575247" />
      <trkpt lat="18.3554968" lon="73.7575642" />
      <trkpt lat="18.3554468" lon="73.7576269" />
      <trkpt lat="18.3553842" lon="73.7576797" />
      <trkpt lat="18.3553028" lon="73.7577192" />
      <trkpt lat="18.3552308" lon="73.7577423" />
      <trkpt lat="18.3551776" lon="73.757772" />
      <trkpt lat="18.3551088" lon="73.7578181" />
      <trkpt lat="18.3550243" lon="73.7578709" />
      <trkpt lat="18.3549304" lon="73.7579072" />
      <trkpt lat="18.3548428" lon="73.7579467" />
      <trkpt lat="18.3547426" lon="73.7580127" />
      <trkpt lat="18.35463" lon="73.7580654" />
      <trkpt lat="18.354558" lon="73.7581149" />
      <trkpt lat="18.3544484" lon="73.7581676" />
      <trkpt lat="18.3543233" lon="73.7582171" />
      <trkpt lat="18.3541887" lon="73.7582764" />
      <trkpt lat="18.3540479" lon="73.7583127" />
      <trkpt lat="18.3539884" lon="73.7583259" />
      <trkpt lat="18.3538194" lon="73.7583457" />
      <trkpt lat="18.3536661" lon="73.7583754" />
      <trkpt lat="18.3535472" lon="73.7583853" />
      <trkpt lat="18.3534376" lon="73.7584215" />
      <trkpt lat="18.3533406" lon="73.7584413" />
      <trkpt lat="18.3532561" lon="73.7584578" />
      <trkpt lat="18.3531591" lon="73.7584809" />
      <trkpt lat="18.3530402" lon="73.7585171" />
      <trkpt lat="18.3529682" lon="73.7585237" />
      <trkpt lat="18.3528493" lon="73.7584941" />
      <trkpt lat="18.3527366" lon="73.7584611" />
      <trkpt lat="18.352624" lon="73.7584413" />
      <trkpt lat="18.352552" lon="73.7584248" />
      <trkpt lat="18.3524643" lon="73.7583853" />
      <trkpt lat="18.3523141" lon="73.7583127" />
      <trkpt lat="18.3522484" lon="73.7582633" />
      <trkpt lat="18.3521796" lon="73.7582303" />
      <trkpt lat="18.3520982" lon="73.7582237" />
      <trkpt lat="18.3520231" lon="73.7582006" />
      <trkpt lat="18.3519542" lon="73.7581577" />
      <trkpt lat="18.3518635" lon="73.7580918" />
      <trkpt lat="18.3517852" lon="73.7580423" />
      <trkpt lat="18.3517258" lon="73.758016" />
      <trkpt lat="18.3516569" lon="73.7579401" />
      <trkpt lat="18.35161" lon="73.7578841" />
      <trkpt lat="18.3515756" lon="73.7578016" />
      <trkpt lat="18.3515317" lon="73.7577621" />
      <trkpt lat="18.3514723" lon="73.7577258" />
      <trkpt lat="18.3514504" lon="73.7576928" />
      <trkpt lat="18.3514253" lon="73.7576368" />
      <trkpt lat="18.3513972" lon="73.7576203" />
      <trkpt lat="18.3513628" lon="73.757584" />
      <trkpt lat="18.3513002" lon="73.7575544" />
      <trkpt lat="18.3512595" lon="73.7575214" />
      <trkpt lat="18.3512188" lon="73.7574851" />
      <trkpt lat="18.3511499" lon="73.7574488" />
      <trkpt lat="18.3511093" lon="73.7574423" />
      <trkpt lat="18.3510435" lon="73.7574291" />
      <trkpt lat="18.3509935" lon="73.7574653" />
      <trkpt lat="18.3509747" lon="73.7575214" />
      <trkpt lat="18.3509497" lon="73.7575642" />
      <trkpt lat="18.3508902" lon="73.7575675" />
      <trkpt lat="18.3508526" lon="73.7575412" />
      <trkpt lat="18.3508182" lon="73.7574983" />
      <trkpt lat="18.3507869" lon="73.7574554" />
      <trkpt lat="18.3507337" lon="73.7574357" />
      <trkpt lat="18.3506649" lon="73.7574258" />
      <trkpt lat="18.3506242" lon="73.7574653" />
      <trkpt lat="18.3505929" lon="73.7575412" />
      <trkpt lat="18.3505272" lon="73.7575642" />
      <trkpt lat="18.3504771" lon="73.7575577" />
      <trkpt lat="18.3504583" lon="73.7574983" />
      <trkpt lat="18.3504583" lon="73.7574488" />
      <trkpt lat="18.350427" lon="73.7573862" />
      <trkpt lat="18.3503644" lon="73.7573961" />
      <trkpt lat="18.3502987" lon="73.7574027" />
      <trkpt lat="18.3502424" lon="73.7573994" />
      <trkpt lat="18.3501892" lon="73.7573928" />
      <trkpt lat="18.3501673" lon="73.7573532" />
      <trkpt lat="18.3501235" lon="73.757373" />
      <trkpt lat="18.3500765" lon="73.7573796" />
      <trkpt lat="18.3500734" lon="73.7573301" />
      <trkpt lat="18.3500702" lon="73.7572576" />
      <trkpt lat="18.3499889" lon="73.7572609" />
      <trkpt lat="18.3498825" lon="73.7572345" />
      <trkpt lat="18.3498074" lon="73.7572114" />
      <trkpt lat="18.3497385" lon="73.757195" />
      <trkpt lat="18.3496634" lon="73.757162" />
      <trkpt lat="18.3495633" lon="73.7571455" />
      <trkpt lat="18.3495007" lon="73.7571356" />
      <trkpt lat="18.3493974" lon="73.7571125" />
      <trkpt lat="18.3493285" lon="73.757096" />
      <trkpt lat="18.3492566" lon="73.7570796" />
      <trkpt lat="18.3491627" lon="73.7570565" />
      <trkpt lat="18.349097" lon="73.7570367" />
      <trkpt lat="18.3490062" lon="73.7570202" />
      <trkpt lat="18.3488935" lon="73.7569971" />
      <trkpt lat="18.3488153" lon="73.7569477" />
      <trkpt lat="18.3487245" lon="73.7569147" />
      <trkpt lat="18.3486306" lon="73.7569081" />
      <trkpt lat="18.3485649" lon="73.7569246" />
      <trkpt lat="18.3485305" lon="73.7569378" />
      <trkpt lat="18.3484898" lon="73.7569378" />
      <trkpt lat="18.3484053" lon="73.7569246" />
      <trkpt lat="18.3482989" lon="73.7568982" />
      <trkpt lat="18.3482332" lon="73.7568619" />
      <trkpt lat="18.3481612" lon="73.7568224" />
      <trkpt lat="18.3481237" lon="73.7567828" />
      <trkpt lat="18.3480642" lon="73.7567333" />
      <trkpt lat="18.3480047" lon="73.7566872" />
      <trkpt lat="18.3479515" lon="73.7566344" />
      <trkpt lat="18.3479234" lon="73.756552" />
      <trkpt lat="18.3478858" lon="73.7565091" />
      <trkpt lat="18.3478482" lon="73.7564795" />
      <trkpt lat="18.3478107" lon="73.7564366" />
      <trkpt lat="18.3477199" lon="73.7564069" />
      <trkpt lat="18.3476542" lon="73.7564036" />
      <trkpt lat="18.3475659" lon="73.7564468" />
    </trkseg>
    <trkseg>
      <trkpt lat="18.3452737" lon="73.7542847" />
      <trkpt lat="18.345785" lon="73.7542745" />
      <trkpt lat="18.3458815" lon="73.7542582" />
      <trkpt lat="18.3460629" lon="73.7542156" />
      <trkpt lat="18.346264" lon="73.7541511" />
      <trkpt lat="18.3465404" lon="73.7540279" />
      <trkpt lat="18.3465945" lon="73.7540079" />
      <trkpt lat="18.3466457" lon="73.7540032" />
      <trkpt lat="18.3467797" lon="73.754033" />
    </trkseg>
    <trkseg>
      <trkpt lat="18.3467302" lon="73.743614" />
      <trkpt lat="18.3470459" lon="73.7430024" />
      <trkpt lat="18.3471834" lon="73.7429917" />
      <trkpt lat="18.3474024" lon="73.7430883" />
      <trkpt lat="18.3475297" lon="73.7432224" />
      <trkpt lat="18.3475959" lon="73.7434584" />
      <trkpt lat="18.347552" lon="73.7438914" />
    </trkseg>
    <trkseg>
      <trkpt lat="18.3487198" lon="73.7540679" />
      <trkpt lat="18.3486015" lon="73.7539498" />
      <trkpt lat="18.3485365" lon="73.7539096" />
      <trkpt lat="18.3484245" lon="73.753864" />
      <trkpt lat="18.3483902" lon="73.7538372" />
      <trkpt lat="18.3483838" lon="73.7537996" />
      <trkpt lat="18.348394" lon="73.7537715" />
      <trkpt lat="18.3484182" lon="73.7537608" />
      <trkpt lat="18.3484602" lon="73.7537648" />
      <trkpt lat="18.3486995" lon="73.7538546" />
      <trkpt lat="18.3488344" lon="73.7538788" />
      <trkpt lat="18.3489095" lon="73.7539056" />
      <trkpt lat="18.3493321" lon="73.7540129" />
      <trkpt lat="18.3493614" lon="73.7540156" />
      <trkpt lat="18.3493856" lon="73.7540075" />
      <trkpt lat="18.3493996" lon="73.7539794" />
      <trkpt lat="18.349373" lon="73.7537742" />
    </trkseg>
    <trkseg>
      <trkpt lat="18.3644163" lon="73.7549536" />
      <trkpt lat="18.364294" lon="73.7548195" />
      <trkpt lat="18.3639959" lon="73.7543702" />
      <trkpt lat="18.3639438" lon="73.7542676" />
      <trkpt lat="18.3638809" lon="73.7541015" />
      <trkpt lat="18.3638336" lon="73.7540292" />
      <trkpt lat="18.3635945" lon="73.753786" />
      <trkpt lat="18.3635267" lon="73.7537486" />
      <trkpt lat="18.3632231" lon="73.7536985" />
      <trkpt lat="18.3628291" lon="73.753727" />
      <trkpt lat="18.3628036" lon="73.7537254" />
      <trkpt lat="18.3627833" lon="73.7537174" />
      <trkpt lat="18.362572" lon="73.7536396" />
      <trkpt lat="18.3625516" lon="73.7536316" />
      <trkpt lat="18.36253" lon="73.7536383" />
      <trkpt lat="18.3624854" lon="73.7536932" />
      <trkpt lat="18.36246" lon="73.7537214" />
      <trkpt lat="18.3624422" lon="73.7537281" />
      <trkpt lat="18.3621822" lon="73.7537458" />
      <trkpt lat="18.3621405" lon="73.7537532" />
    </trkseg>
    <trkseg>
      <trkpt lat="18.36253" lon="73.7536383" />
      <trkpt lat="18.362351" lon="73.7535408" />
      <trkpt lat="18.3621219" lon="73.7535274" />
      <trkpt lat="18.3616611" lon="73.7533691" />
      <trkpt lat="18.36146" lon="73.7533236" />
      <trkpt lat="18.361376" lon="73.7531599" />
      <trkpt lat="18.3613837" lon="73.7528917" />
      <trkpt lat="18.3614269" lon="73.7527603" />
      <trkpt lat="18.3612284" lon="73.7523928" />
      <trkpt lat="18.3612462" lon="73.7521407" />
      <trkpt lat="18.361208" lon="73.7519503" />
      <trkpt lat="18.3613557" lon="73.7521782" />
      <trkpt lat="18.3616586" lon="73.7524492" />
      <trkpt lat="18.3619081" lon="73.7526503" />
      <trkpt lat="18.3621143" lon="73.7528783" />
      <trkpt lat="18.3623001" lon="73.7530071" />
      <trkpt lat="18.3625088" lon="73.7531036" />
      <trkpt lat="18.3630765" lon="73.7532002" />
      <trkpt lat="18.3633463" lon="73.7533182" />
      <trkpt lat="18.3635856" lon="73.7532458" />
      <trkpt lat="18.3638275" lon="73.7531009" />
      <trkpt lat="18.364334" lon="73.7530446" />
      <trkpt lat="18.364637" lon="73.7532994" />
      <trkpt lat="18.3648355" lon="73.7533396" />
      <trkpt lat="18.3649348" lon="73.7533262" />
      <trkpt lat="18.3650952" lon="73.7532189" />
      <trkpt lat="18.365365" lon="73.7530392" />
      <trkpt lat="18.3655178" lon="73.7530339" />
      <trkpt lat="18.3656756" lon="73.752881" />
      <trkpt lat="18.3657494" lon="73.7527147" />
      <trkpt lat="18.3658506" lon="73.7523851" />
      <trkpt lat="18.366418" lon="73.7518935" />
      <trkpt lat="18.3667455" lon="73.7515891" />
      <trkpt lat="18.3667791" lon="73.7515841" />
      <trkpt lat="18.3667976" lon="73.7515714" />
      <trkpt lat="18.3668328" lon="73.7515803" />
      <trkpt lat="18.3668967" lon="73.7516316" />
      <trkpt lat="18.3669672" lon="73.7517342" />
      <trkpt lat="18.3670075" lon="73.7517732" />
      <trkpt lat="18.3672601" lon="73.7519429" />
      <trkpt lat="18.3674526" lon="73.7520722" />
      <trkpt lat="18.3679194" lon="73.7523076" />
      <trkpt lat="18.3679446" lon="73.7523377" />
      <trkpt lat="18.3679564" lon="73.7523908" />
      <trkpt lat="18.3679396" lon="73.7524403" />
      <trkpt lat="18.3679211" lon="73.7525129" />
      <trkpt lat="18.3679178" lon="73.7525713" />
      <trkpt lat="18.3679765" lon="73.7528739" />
      <trkpt lat="18.3679833" lon="73.7529924" />
      <trkpt lat="18.3679497" lon="73.7532154" />
      <trkpt lat="18.3679286" lon="73.753489" />
      <trkpt lat="18.3679081" lon="73.7535645" />
      <trkpt lat="18.3678818" lon="73.7535953" />
      <trkpt lat="18.3678526" lon="73.7536015" />
      <trkpt lat="18.3678189" lon="73.7535907" />
      <trkpt lat="18.3676976" lon="73.7535814" />
      <trkpt lat="18.3676508" lon="73.7535907" />
      <trkpt lat="18.3674958" lon="73.7536345" />
      <trkpt lat="18.3674757" lon="73.7536467" />
      <trkpt lat="18.3674651" lon="73.7536671" />
      <trkpt lat="18.3674699" lon="73.7537067" />
      <trkpt lat="18.3675075" lon="73.754035" />
      <trkpt lat="18.3675017" lon="73.7540696" />
      <trkpt lat="18.3674796" lon="73.7541102" />
      <trkpt lat="18.3672654" lon="73.7544324" />
      <trkpt lat="18.3672037" lon="73.7545056" />
      <trkpt lat="18.3671863" lon="73.7545223" />
      <trkpt lat="18.367168" lon="73.7545269" />
      <trkpt lat="18.3671482" lon="73.7545244" />
      <trkpt lat="18.3670783" lon="73.7545086" />
      <trkpt lat="18.3670301" lon="73.7545076" />
      <trkpt lat="18.36695" lon="73.7545107" />
      <trkpt lat="18.3669288" lon="73.7545208" />
      <trkpt lat="18.3669043" lon="73.7545576" />
      <trkpt lat="18.3668388" lon="73.7547762" />
    </trkseg>
    <trkseg>
      <trkpt lat="18.3651642" lon="73.7565897" />
      <trkpt lat="18.365736" lon="73.7564736" />
      <trkpt lat="18.3657841" lon="73.7564398" />
      <trkpt lat="18.3658202" lon="73.7563894" />
      <trkpt lat="18.365904" lon="73.7561156" />
      <trkpt lat="18.3659247" lon="73.7560515" />
      <trkpt lat="18.3659235" lon="73.7560007" />
      <trkpt lat="18.3658982" lon="73.7558448" />
      <trkpt lat="18.3659063" lon="73.7558172" />
      <trkpt lat="18.365927" lon="73.7557877" />
      <trkpt lat="18.3662386" lon="73.7554865" />
      <trkpt lat="18.3662983" lon="73.7554288" />
      <trkpt lat="18.3663487" lon="73.7553664" />
      <trkpt lat="18.3663807" lon="73.7553127" />
      <trkpt lat="18.3664352" lon="73.7551436" />
      <trkpt lat="18.3664487" lon="73.7550833" />
      <trkpt lat="18.366443" lon="73.7549017" />
      <trkpt lat="18.3664508" lon="73.7548644" />
      <trkpt lat="18.3664657" lon="73.7548352" />
      <trkpt lat="18.3665653" lon="73.7547586" />
      <trkpt lat="18.3666167" lon="73.7546828" />
      <trkpt lat="18.3666681" lon="73.7545802" />
      <trkpt lat="18.3667633" lon="73.7541303" />
      <trkpt lat="18.3667776" lon="73.7540915" />
      <trkpt lat="18.3668471" lon="73.7540168" />
      <trkpt lat="18.3670018" lon="73.7537611" />
      <trkpt lat="18.3670376" lon="73.753675" />
      <trkpt lat="18.3671923" lon="73.7532463" />
      <trkpt lat="18.3672372" lon="73.7530395" />
      <trkpt lat="18.3672291" lon="73.7530079" />
      <trkpt lat="18.3672065" lon="73.7529951" />
      <trkpt lat="18.3667977" lon="73.753068" />
      <trkpt lat="18.3667072" lon="73.7530919" />
      <trkpt lat="18.3665009" lon="73.7531927" />
      <trkpt lat="18.3664443" lon="73.7532371" />
      <trkpt lat="18.3662527" lon="73.7534397" />
      <trkpt lat="18.3660049" lon="73.7536988" />
      <trkpt lat="18.3659595" lon="73.7537188" />
      <trkpt lat="18.365927" lon="73.7537241" />
      <trkpt lat="18.3656918" lon="73.7536387" />
      <trkpt lat="18.3656702" lon="73.753642" />
      <trkpt lat="18.3656003" lon="73.7536876" />
      <trkpt lat="18.3655761" lon="73.7536919" />
      <trkpt lat="18.3655559" lon="73.7536932" />
      <trkpt lat="18.3655116" lon="73.7536819" />
      <trkpt lat="18.3654908" lon="73.753665" />
      <trkpt lat="18.3654657" lon="73.7535941" />
      <trkpt lat="18.3654447" lon="73.7535788" />
      <trkpt lat="18.3654055" lon="73.7535651" />
      <trkpt lat="18.3653731" lon="73.7535703" />
      <trkpt lat="18.3650906" lon="73.7536584" />
      <trkpt lat="18.3650527" lon="73.7536702" />
      <trkpt lat="18.3650003" lon="73.7537006" />
      <trkpt lat="18.364784" lon="73.7539218" />
      <trkpt lat="18.3646431" lon="73.7540802" />
      <trkpt lat="18.3646161" lon="73.7541234" />
      <trkpt lat="18.364577" lon="73.7541859" />
      <trkpt lat="18.3645311" lon="73.7543892" />
      <trkpt lat="18.3644163" lon="73.7549536" />
    </trkseg>
    <trkseg>
      <trkpt lat="18.3646161" lon="73.7541234" />
      <trkpt lat="18.3642186" lon="73.7542103" />
      <trkpt lat="18.3639959" lon="73.7543702" />
    </trkseg>
    <trkseg>
      <trkpt lat="18.3641616" lon="73.7535879" />
      <trkpt lat="18.3640984" lon="73.7536204" />
      <trkpt lat="18.3640577" lon="73.7536472" />
      <trkpt lat="18.3640157" lon="73.7537049" />
      <trkpt lat="18.3639864" lon="73.7537304" />
      <trkpt lat="18.363952" lon="73.7537384" />
      <trkpt lat="18.3635267" lon="73.7537486" />
    </trkseg>
    <trkseg>
      <trkpt lat="18.3658506" lon="73.7523851" />
      <trkpt lat="18.3661312" lon="73.7527335" />
    </trkseg>
    <trkseg>
      <trkpt lat="18.3621405" lon="73.7537532" />
      <trkpt lat="18.3621289" lon="73.7537672" />
      <trkpt lat="18.3621281" lon="73.7537896" />
      <trkpt lat="18.3621314" lon="73.7538174" />
      <trkpt lat="18.362125" lon="73.7538394" />
      <trkpt lat="18.3620974" lon="73.7538613" />
      <trkpt lat="18.3619493" lon="73.7539827" />
      <trkpt lat="18.3619195" lon="73.7539973" />
      <trkpt lat="18.3618883" lon="73.7539997" />
      <trkpt lat="18.3618088" lon="73.7539571" />
      <trkpt lat="18.3617713" lon="73.753934" />
      <trkpt lat="18.3616962" lon="73.7538878" />
      <trkpt lat="18.3616367" lon="73.7538417" />
      <trkpt lat="18.3616023" lon="73.7538021" />
      <trkpt lat="18.3615428" lon="73.7537823" />
      <trkpt lat="18.3614552" lon="73.7537626" />
      <trkpt lat="18.3613926" lon="73.7537494" />
      <trkpt lat="18.3613676" lon="73.7537428" />
      <trkpt lat="18.3612862" lon="73.7537461" />
      <trkpt lat="18.3612268" lon="73.7537626" />
      <trkpt lat="18.3611611" lon="73.7537889" />
      <trkpt lat="18.3611079" lon="73.7538186" />
      <trkpt lat="18.361083" lon="73.7538289" />
    </trkseg>
    <trkseg>
      <trkpt lat="18.3621359" lon="73.7528687" />
      <trkpt lat="18.3621388" lon="73.7528726" />
      <trkpt lat="18.3621464" lon="73.752866" />
      <trkpt lat="18.3621435" lon="73.7528444" />
      <trkpt lat="18.3621627" lon="73.7528106" />
      <trkpt lat="18.3621537" lon="73.752793" />
      <trkpt lat="18.3621199" lon="73.752763" />
      <trkpt lat="18.362066" lon="73.7527297" />
      <trkpt lat="18.362046" lon="73.7526749" />
      <trkpt lat="18.362012" lon="73.7526377" />
      <trkpt lat="18.3619953" lon="73.7526118" />
      <trkpt lat="18.3619997" lon="73.7525868" />
      <trkpt lat="18.3620145" lon="73.7525366" />
      <trkpt lat="18.3619217" lon="73.7524496" />
      <trkpt lat="18.3618787" lon="73.7523923" />
      <trkpt lat="18.3618341" lon="73.7523671" />
      <trkpt lat="18.3618145" lon="73.7523374" />
      <trkpt lat="18.3618068" lon="73.7523143" />
      <trkpt lat="18.3618107" lon="73.7522757" />
      <trkpt lat="18.3617937" lon="73.752242" />
      <trkpt lat="18.3617624" lon="73.7522062" />
      <trkpt lat="18.3617529" lon="73.7521823" />
      <trkpt lat="18.3617602" lon="73.7521331" />
      <trkpt lat="18.3617563" lon="73.752121" />
      <trkpt lat="18.3616774" lon="73.7520632" />
      <trkpt lat="18.3615834" lon="73.7519656" />
      <trkpt lat="18.3614671" lon="73.7518873" />
      <trkpt lat="18.3613804" lon="73.7518348" />
      <trkpt lat="18.3612784" lon="73.751756" />
      <trkpt lat="18.3612075" lon="73.7516976" />
      <trkpt lat="18.3611243" lon="73.7516459" />
      <trkpt lat="18.3610788" lon="73.7516055" />
      <trkpt lat="18.3610317" lon="73.7515705" />
    </trkseg>
    <trkseg>
      <trkpt lat="18.3563188" lon="73.7613686" />
      <trkpt lat="18.3564229" lon="73.7615414" />
      <trkpt lat="18.3564407" lon="73.7615998" />
      <trkpt lat="18.3564872" lon="73.7617656" />
      <trkpt lat="18.3565138" lon="73.7618403" />
      <trkpt lat="18.3565936" lon="73.7619687" />
      <trkpt lat="18.3567288" lon="73.7621065" />
      <trkpt lat="18.3568063" lon="73.7621298" />
      <trkpt lat="18.3568396" lon="73.7621532" />
      <trkpt lat="18.3568662" lon="73.7621929" />
      <trkpt lat="18.3568731" lon="73.7622419" />
      <trkpt lat="18.3568502" lon="73.7622822" />
      <trkpt lat="18.3567356" lon="73.7624002" />
      <trkpt lat="18.3566465" lon="73.7625772" />
      <trkpt lat="18.3566134" lon="73.7626255" />
      <trkpt lat="18.3565523" lon="73.762714" />
      <trkpt lat="18.3565256" lon="73.7627636" />
      <trkpt lat="18.3564925" lon="73.7628575" />
      <trkpt lat="18.3564568" lon="73.7629098" />
      <trkpt lat="18.356411" lon="73.7629621" />
      <trkpt lat="18.3563499" lon="73.7630023" />
      <trkpt lat="18.3562379" lon="73.763068" />
      <trkpt lat="18.3561768" lon="73.7630949" />
      <trkpt lat="18.3560189" lon="73.7631641" />
      <trkpt lat="18.355963" lon="73.763219" />
      <trkpt lat="18.3559359" lon="73.7632691" />
      <trkpt lat="18.3558725" lon="73.7634935" />
      <trkpt lat="18.355778" lon="73.7636875" />
      <trkpt lat="18.355666" lon="73.7638485" />
      <trkpt lat="18.3556357" lon="73.7638854" />
      <trkpt lat="18.355407" lon="73.7640922" />
      <trkpt lat="18.3550703" lon="73.7644922" />
      <trkpt lat="18.3550398" lon="73.7645566" />
      <trkpt lat="18.3550143" lon="73.7647015" />
      <trkpt lat="18.3549901" lon="73.7647457" />
      <trkpt lat="18.3549125" lon="73.7648141" />
      <trkpt lat="18.3548972" lon="73.7648624" />
      <trkpt lat="18.3548412" lon="73.7652916" />
      <trkpt lat="18.3547852" lon="73.7655867" />
      <trkpt lat="18.3547444" lon="73.7656846" />
      <trkpt lat="18.354677" lon="73.7657382" />
      <trkpt lat="18.3545255" lon="73.7658013" />
    </trkseg>
    <trkseg>
      <trkpt lat="18.3742995" lon="73.7652966" />
      <trkpt lat="18.3741747" lon="73.7649838" />
      <trkpt lat="18.3740861" lon="73.764859" />
      <trkpt lat="18.3737171" lon="73.7645808" />
      <trkpt lat="18.3736305" lon="73.7645645" />
      <trkpt lat="18.373404" lon="73.7645545" />
      <trkpt lat="18.3731631" lon="73.7644641" />
      <trkpt lat="18.3728099" lon="73.7641649" />
      <trkpt lat="18.3724057" lon="73.763934" />
      <trkpt lat="18.372006" lon="73.763875" />
      <trkpt lat="18.371973" lon="73.7638435" />
      <trkpt lat="18.3719513" lon="73.7637928" />
      <trkpt lat="18.3719666" lon="73.7637516" />
      <trkpt lat="18.3719997" lon="73.7637301" />
      <trkpt lat="18.3722673" lon="73.7637028" />
      <trkpt lat="18.3723013" lon="73.7636631" />
      <trkpt lat="18.3722924" lon="73.7636255" />
      <trkpt lat="18.3722568" lon="73.7636108" />
      <trkpt lat="18.3720646" lon="73.7636403" />
      <trkpt lat="18.3719717" lon="73.7636175" />
      <trkpt lat="18.3716917" lon="73.7634659" />
      <trkpt lat="18.3713483" lon="73.7632571" />
      <trkpt lat="18.3711839" lon="73.7630972" />
      <trkpt lat="18.3706319" lon="73.7626508" />
      <trkpt lat="18.3704143" lon="73.762534" />
      <trkpt lat="18.3699994" lon="73.7623884" />
      <trkpt lat="18.3699671" lon="73.7623435" />
      <trkpt lat="18.369912" lon="73.7622334" />
      <trkpt lat="18.3697949" lon="73.7621086" />
      <trkpt lat="18.3696479" lon="73.7620164" />
      <trkpt lat="18.3694781" lon="73.7618594" />
      <trkpt lat="18.3692195" lon="73.7615801" />
      <trkpt lat="18.3691243" lon="73.7614934" />
      <trkpt lat="18.3687637" lon="73.7612865" />
      <trkpt lat="18.3686882" lon="73.7612756" />
      <trkpt lat="18.3685502" lon="73.7612477" />
      <trkpt lat="18.3684873" lon="73.7612098" />
      <trkpt lat="18.3683897" lon="73.7611146" />
      <trkpt lat="18.3683359" lon="73.7611102" />
      <trkpt lat="18.3682808" lon="73.7611263" />
      <trkpt lat="18.3681152" lon="73.7611464" />
      <trkpt lat="18.3680215" lon="73.7611353" />
      <trkpt lat="18.3678975" lon="73.7610972" />
      <trkpt lat="18.3673775" lon="73.7608808" />
      <trkpt lat="18.3673633" lon="73.7608602" />
      <trkpt lat="18.3673684" lon="73.7608294" />
      <trkpt lat="18.3674815" lon="73.7607852" />
      <trkpt lat="18.3675079" lon="73.7607532" />
      <trkpt lat="18.3675115" lon="73.7607216" />
      <trkpt lat="18.3674863" lon="73.7606928" />
      <trkpt lat="18.3674221" lon="73.7606882" />
      <trkpt lat="18.3669833" lon="73.7606951" />
      <trkpt lat="18.3669569" lon="73.76068" />
      <trkpt lat="18.3669481" lon="73.7606403" />
      <trkpt lat="18.3669236" lon="73.7606088" />
      <trkpt lat="18.3668683" lon="73.7605734" />
      <trkpt lat="18.3665278" lon="73.7605434" />
      <trkpt lat="18.366503" lon="73.7605164" />
      <trkpt lat="18.3665076" lon="73.7604863" />
      <trkpt lat="18.3666094" lon="73.7603772" />
      <trkpt lat="18.3666512" lon="73.7602898" />
      <trkpt lat="18.366657" lon="73.7601704" />
      <trkpt lat="18.3666136" lon="73.7600936" />
      <trkpt lat="18.366584" lon="73.760081" />
      <trkpt lat="18.3665535" lon="73.7601038" />
      <trkpt lat="18.3665204" lon="73.7601883" />
      <trkpt lat="18.3664351" lon="73.7602399" />
      <trkpt lat="18.3662989" lon="73.7602688" />
      <trkpt lat="18.36608" lon="73.76024" />
      <trkpt lat="18.3660457" lon="73.7602551" />
      <trkpt lat="18.3659314" lon="73.7604492" />
      <trkpt lat="18.3659153" lon="73.7604678" />
      <trkpt lat="18.3658973" lon="73.7604739" />
      <trkpt lat="18.3658822" lon="73.7604633" />
      <trkpt lat="18.3658797" lon="73.7604413" />
      <trkpt lat="18.3659342" lon="73.7601786" />
      <trkpt lat="18.3660486" lon="73.7600014" />
      <trkpt lat="18.3660634" lon="73.7599666" />
      <trkpt lat="18.3660525" lon="73.7599297" />
      <trkpt lat="18.366021" lon="73.7599039" />
      <trkpt lat="18.3659306" lon="73.7597312" />
      <trkpt lat="18.3659052" lon="73.759725" />
      <trkpt lat="18.3658824" lon="73.7597439" />
      <trkpt lat="18.3658495" lon="73.7598337" />
      <trkpt lat="18.3658234" lon="73.7598815" />
      <trkpt lat="18.3657981" lon="73.7598972" />
      <trkpt lat="18.3657162" lon="73.7599132" />
      <trkpt lat="18.3656876" lon="73.7599246" />
      <trkpt lat="18.3656642" lon="73.7599527" />
      <trkpt lat="18.3655788" lon="73.7602167" />
    </trkseg>
    <trkseg>
      <trkpt lat="18.3665205" lon="73.7557211" />
      <trkpt lat="18.3663807" lon="73.7553127" />
    </trkseg>
    <trkseg>
      <trkpt lat="18.3646372" lon="73.7612465" />
      <trkpt lat="18.3646469" lon="73.7612205" />
      <trkpt lat="18.3649215" lon="73.7607307" />
      <trkpt lat="18.3650162" lon="73.7605569" />
      <trkpt lat="18.3651708" lon="73.7603386" />
      <trkpt lat="18.3651948" lon="73.7603094" />
      <trkpt lat="18.3652825" lon="73.7602358" />
      <trkpt lat="18.365362" lon="73.7601886" />
      <trkpt lat="18.3653839" lon="73.7601671" />
      <trkpt lat="18.3654169" lon="73.7601106" />
      <trkpt lat="18.3654776" lon="73.7599661" />
    </trkseg>
    <trkseg>
      <trkpt lat="18.3645057" lon="73.7557098" />
      <trkpt lat="18.3644163" lon="73.7549536" />
    </trkseg>
    <trkseg>
      <trkpt lat="18.3645566" lon="73.7574065" />
      <trkpt lat="18.364539" lon="73.7568735" />
      <trkpt lat="18.3645135" lon="73.7567283" />
      <trkpt lat="18.3642802" lon="73.7559934" />
      <trkpt lat="18.3642591" lon="73.7559177" />
      <trkpt lat="18.3642253" lon="73.755683" />
      <trkpt lat="18.3641933" lon="73.7556179" />
      <trkpt lat="18.3639666" lon="73.7552619" />
      <trkpt lat="18.3639299" lon="73.755185" />
      <trkpt lat="18.3638812" lon="73.7550753" />
      <trkpt lat="18.3638409" lon="73.7550205" />
      <trkpt lat="18.363809" lon="73.7549798" />
      <trkpt lat="18.3637065" lon="73.7548771" />
    </trkseg>
    <trkseg>
      <trkpt lat="18.3647923" lon="73.7555745" />
      <trkpt lat="18.3645057" lon="73.7557098" />
      <trkpt lat="18.3644717" lon="73.7557428" />
      <trkpt lat="18.3644115" lon="73.7558371" />
      <trkpt lat="18.364384" lon="73.7558753" />
      <trkpt lat="18.3642802" lon="73.7559934" />
    </trkseg>
    <trkseg>
      <trkpt lat="18.3644115" lon="73.7558371" />
      <trkpt lat="18.3645696" lon="73.7561177" />
      <trkpt lat="18.3646415" lon="73.7561644" />
      <trkpt lat="18.3647503" lon="73.7561874" />
      <trkpt lat="18.3649905" lon="73.7561549" />
    </trkseg>
    <trkseg>
      <trkpt lat="18.3649551" lon="73.7560459" />
      <trkpt lat="18.3651198" lon="73.7560379" />
      <trkpt lat="18.3651668" lon="73.7560513" />
      <trkpt lat="18.3653717" lon="73.7561974" />
      <trkpt lat="18.3654303" lon="73.7562069" />
      <trkpt lat="18.3654872" lon="73.7562034" />
      <trkpt lat="18.3655692" lon="73.7561584" />
      <trkpt lat="18.3658982" lon="73.7558448" />
    </trkseg>
    <trkseg>
      <trkpt lat="18.3659392" lon="73.7548773" />
      <trkpt lat="18.3660181" lon="73.7550967" />
      <trkpt lat="18.3660534" lon="73.7551622" />
      <trkpt lat="18.3662386" lon="73.7554865" />
    </trkseg>
    <trkseg>
      <trkpt lat="18.3647143" lon="73.7546749" />
      <trkpt lat="18.3647045" lon="73.7549954" />
      <trkpt lat="18.3647032" lon="73.755039" />
      <trkpt lat="18.3646562" lon="73.7552217" />
    </trkseg>
    <trkseg>
      <trkpt lat="18.3652996" lon="73.7550041" />
      <trkpt lat="18.3647045" lon="73.7549954" />
    </trkseg>
    <trkseg>
      <trkpt lat="18.3654776" lon="73.7599661" />
      <trkpt lat="18.3655128" lon="73.7598537" />
      <trkpt lat="18.365548" lon="73.7597414" />
      <trkpt lat="18.3655559" lon="73.7596534" />
      <trkpt lat="18.3655285" lon="73.7593998" />
      <trkpt lat="18.3655153" lon="73.7593543" />
      <trkpt lat="18.3654952" lon="73.7593271" />
      <trkpt lat="18.3654306" lon="73.7592826" />
      <trkpt lat="18.3654184" lon="73.7592552" />
      <trkpt lat="18.3654266" lon="73.759217" />
      <trkpt lat="18.3654527" lon="73.7591735" />
      <trkpt lat="18.3655591" lon="73.758991" />
      <trkpt lat="18.3656013" lon="73.758867" />
      <trkpt lat="18.365665" lon="73.7585666" />
      <trkpt lat="18.3656902" lon="73.7584125" />
      <trkpt lat="18.3656951" lon="73.7582527" />
      <trkpt lat="18.3656284" lon="73.7580662" />
      <trkpt lat="18.3656171" lon="73.758045" />
      <trkpt lat="18.3654586" lon="73.757748" />
      <trkpt lat="18.3654241" lon="73.7576083" />
      <trkpt lat="18.3654035" lon="73.7574241" />
      <trkpt lat="18.3652919" lon="73.7571261" />
      <trkpt lat="18.3651816" lon="73.75679" />
      <trkpt lat="18.3651642" lon="73.7565897" />
    </trkseg>
    <trkseg>
      <trkpt lat="18.3651642" lon="73.7565897" />
      <trkpt lat="18.3649905" lon="73.7561549" />
      <trkpt lat="18.3649551" lon="73.7560459" />
      <trkpt lat="18.36485" lon="73.7557224" />
      <trkpt lat="18.3647923" lon="73.7555745" />
      <trkpt lat="18.3646562" lon="73.7552217" />
      <trkpt lat="18.3646276" lon="73.7551476" />
      <trkpt lat="18.3645651" lon="73.7550685" />
      <trkpt lat="18.3644979" lon="73.7550178" />
      <trkpt lat="18.3644163" lon="73.7549536" />
    </trkseg>
    <trkseg>
      <trkpt lat="18.3655788" lon="73.7602167" />
      <trkpt lat="18.3655576" lon="73.7601641" />
      <trkpt lat="18.3654776" lon="73.7599661" />
    </trkseg>
    <trkseg>
      <trkpt lat="18.3360959" lon="73.7781098" />
      <trkpt lat="18.336299" lon="73.7782038" />
      <trkpt lat="18.3363674" lon="73.7782305" />
      <trkpt lat="18.3364709" lon="73.7782429" />
      <trkpt lat="18.3368104" lon="73.7782935" />
      <trkpt lat="18.3370389" lon="73.7783048" />
    </trkseg>
    <trkseg>
      <trkpt lat="18.3528507" lon="73.7895555" />
      <trkpt lat="18.3528387" lon="73.7894217" />
      <trkpt lat="18.3528183" lon="73.7893519" />
      <trkpt lat="18.3527267" lon="73.7892983" />
      <trkpt lat="18.3526096" lon="73.7892393" />
      <trkpt lat="18.3525485" lon="73.7891964" />
      <trkpt lat="18.3524161" lon="73.7891481" />
      <trkpt lat="18.3523499" lon="73.7891374" />
      <trkpt lat="18.3522277" lon="73.7890945" />
      <trkpt lat="18.3521106" lon="73.7890354" />
      <trkpt lat="18.3520037" lon="73.7889925" />
      <trkpt lat="18.3519069" lon="73.7889228" />
      <trkpt lat="18.3518153" lon="73.7888262" />
      <trkpt lat="18.351744" lon="73.788735" />
      <trkpt lat="18.3516422" lon="73.7886653" />
      <trkpt lat="18.3515505" lon="73.7886331" />
      <trkpt lat="18.3513214" lon="73.7885151" />
      <trkpt lat="18.3512501" lon="73.7884615" />
      <trkpt lat="18.3511839" lon="73.7883971" />
      <trkpt lat="18.3511279" lon="73.7883488" />
      <trkpt lat="18.3511585" lon="73.7881986" />
      <trkpt lat="18.3511788" lon="73.7880752" />
      <trkpt lat="18.3511941" lon="73.7880162" />
      <trkpt lat="18.3512094" lon="73.7879411" />
      <trkpt lat="18.351189" lon="73.7878767" />
      <trkpt lat="18.351133" lon="73.7878231" />
      <trkpt lat="18.3510566" lon="73.787748" />
      <trkpt lat="18.3509752" lon="73.7876943" />
      <trkpt lat="18.350909" lon="73.7876353" />
      <trkpt lat="18.3508683" lon="73.7875763" />
      <trkpt lat="18.3508224" lon="73.7875012" />
      <trkpt lat="18.3507817" lon="73.7874154" />
      <trkpt lat="18.3507511" lon="73.7873457" />
      <trkpt lat="18.3506493" lon="73.7872598" />
      <trkpt lat="18.3505169" lon="73.7871472" />
      <trkpt lat="18.35041" lon="73.7870667" />
      <trkpt lat="18.3502878" lon="73.7870077" />
      <trkpt lat="18.3501147" lon="73.7869272" />
      <trkpt lat="18.350023" lon="73.7868682" />
      <trkpt lat="18.3498245" lon="73.786777" />
      <trkpt lat="18.3496972" lon="73.7866966" />
      <trkpt lat="18.3495139" lon="73.7866376" />
      <trkpt lat="18.349356" lon="73.7866054" />
      <trkpt lat="18.3492695" lon="73.786541" />
      <trkpt lat="18.3492389" lon="73.7864391" />
      <trkpt lat="18.3492542" lon="73.7863747" />
      <trkpt lat="18.3493051" lon="73.7863157" />
      <trkpt lat="18.3493611" lon="73.7862352" />
      <trkpt lat="18.3494222" lon="73.7861494" />
      <trkpt lat="18.3494782" lon="73.7860689" />
      <trkpt lat="18.3495444" lon="73.7860367" />
      <trkpt lat="18.3496819" lon="73.7859777" />
      <trkpt lat="18.3497634" lon="73.7859026" />
      <trkpt lat="18.3498448" lon="73.7858222" />
      <trkpt lat="18.3499314" lon="73.7856934" />
      <trkpt lat="18.3500281" lon="73.7855539" />
      <trkpt lat="18.3501249" lon="73.7854359" />
      <trkpt lat="18.3501911" lon="73.7853072" />
      <trkpt lat="18.3502522" lon="73.7851731" />
      <trkpt lat="18.3503133" lon="73.7850497" />
      <trkpt lat="18.3504507" lon="73.7848351" />
      <trkpt lat="18.3505322" lon="73.7846795" />
      <trkpt lat="18.3506239" lon="73.7844757" />
      <trkpt lat="18.35069" lon="73.7842933" />
      <trkpt lat="18.3508122" lon="73.7841699" />
      <trkpt lat="18.350909" lon="73.7840036" />
      <trkpt lat="18.3510516" lon="73.7838051" />
      <trkpt lat="18.3511432" lon="73.7836871" />
      <trkpt lat="18.3512654" lon="73.783553" />
      <trkpt lat="18.3512705" lon="73.7834994" />
      <trkpt lat="18.3514029" lon="73.7833384" />
      <trkpt lat="18.3515302" lon="73.7832365" />
      <trkpt lat="18.3516778" lon="73.7831292" />
      <trkpt lat="18.3517847" lon="73.7830434" />
      <trkpt lat="18.3518968" lon="73.7829844" />
      <trkpt lat="18.3519884" lon="73.7829307" />
      <trkpt lat="18.3520801" lon="73.78292" />
      <trkpt lat="18.3521819" lon="73.7828342" />
      <trkpt lat="18.3522379" lon="73.7827698" />
      <trkpt lat="18.3522634" lon="73.7826679" />
      <trkpt lat="18.3522634" lon="73.7825445" />
      <trkpt lat="18.3522583" lon="73.7824211" />
      <trkpt lat="18.3522328" lon="73.7822226" />
      <trkpt lat="18.3522175" lon="73.7820456" />
      <trkpt lat="18.3522175" lon="73.7819276" />
      <trkpt lat="18.3521666" lon="73.7817559" />
      <trkpt lat="18.3521717" lon="73.7816808" />
      <trkpt lat="18.3522226" lon="73.7815735" />
      <trkpt lat="18.3522532" lon="73.7814287" />
      <trkpt lat="18.3523295" lon="73.7813214" />
      <trkpt lat="18.3523906" lon="73.7812409" />
      <trkpt lat="18.3524263" lon="73.7811444" />
      <trkpt lat="18.3525892" lon="73.7809405" />
      <trkpt lat="18.352686" lon="73.7808172" />
      <trkpt lat="18.3528081" lon="73.7805811" />
      <trkpt lat="18.3528285" lon="73.780506" />
      <trkpt lat="18.352854" lon="73.7804416" />
      <trkpt lat="18.3528336" lon="73.7803934" />
      <trkpt lat="18.352742" lon="73.7803075" />
      <trkpt lat="18.3527216" lon="73.7802646" />
      <trkpt lat="18.3527369" lon="73.7802056" />
      <trkpt lat="18.352742" lon="73.7801412" />
      <trkpt lat="18.3527471" lon="73.7800876" />
      <trkpt lat="18.3527012" lon="73.7800286" />
      <trkpt lat="18.3527165" lon="73.7798945" />
      <trkpt lat="18.3526961" lon="73.7797765" />
      <trkpt lat="18.3526605" lon="73.7796692" />
      <trkpt lat="18.3526707" lon="73.7795351" />
      <trkpt lat="18.3526198" lon="73.7794278" />
      <trkpt lat="18.3525281" lon="73.7793473" />
      <trkpt lat="18.3524008" lon="73.7792937" />
      <trkpt lat="18.3522837" lon="73.7792561" />
      <trkpt lat="18.3521513" lon="73.7792454" />
      <trkpt lat="18.3520597" lon="73.7792668" />
      <trkpt lat="18.3519528" lon="73.7793044" />
      <trkpt lat="18.3518204" lon="73.7793312" />
      <trkpt lat="18.3517084" lon="73.7793366" />
      <trkpt lat="18.3515607" lon="73.7793527" />
      <trkpt lat="18.3514131" lon="73.7793849" />
      <trkpt lat="18.3512298" lon="73.7794385" />
      <trkpt lat="18.3510617" lon="73.7793634" />
      <trkpt lat="18.3509039" lon="73.7792937" />
      <trkpt lat="18.3507715" lon="73.7792454" />
      <trkpt lat="18.3506646" lon="73.7792186" />
      <trkpt lat="18.350522" lon="73.7792776" />
      <trkpt lat="18.3503693" lon="73.7793098" />
      <trkpt lat="18.3502165" lon="73.7793473" />
      <trkpt lat="18.3500536" lon="73.7794278" />
      <trkpt lat="18.3498907" lon="73.7794921" />
      <trkpt lat="18.3497125" lon="73.7795082" />
      <trkpt lat="18.3495393" lon="73.7795029" />
      <trkpt lat="18.3493408" lon="73.7794814" />
      <trkpt lat="18.3491626" lon="73.7794546" />
      <trkpt lat="18.3489996" lon="73.7794063" />
      <trkpt lat="18.3488571" lon="73.7793795" />
      <trkpt lat="18.3487654" lon="73.7793795" />
      <trkpt lat="18.3485974" lon="73.7794117" />
      <trkpt lat="18.348409" lon="73.7794117" />
      <trkpt lat="18.3482461" lon="73.7793688" />
      <trkpt lat="18.3481137" lon="73.7793366" />
      <trkpt lat="18.3479966" lon="73.7793098" />
      <trkpt lat="18.3479202" lon="73.7793044" />
      <trkpt lat="18.3478183" lon="73.7793044" />
      <trkpt lat="18.3477318" lon="73.779299" />
      <trkpt lat="18.3476401" lon="73.7792561" />
      <trkpt lat="18.3475739" lon="73.7792239" />
      <trkpt lat="18.3474976" lon="73.7790898" />
      <trkpt lat="18.3474314" lon="73.7789289" />
      <trkpt lat="18.3473346" lon="73.7787572" />
      <trkpt lat="18.3472073" lon="73.7785212" />
      <trkpt lat="18.3471259" lon="73.778371" />
      <trkpt lat="18.3470444" lon="73.7782208" />
      <trkpt lat="18.3470037" lon="73.7781189" />
      <trkpt lat="18.3469426" lon="73.7780223" />
      <trkpt lat="18.346856" lon="73.7779257" />
      <trkpt lat="18.3467593" lon="73.7778614" />
      <trkpt lat="18.3466422" lon="73.7778614" />
      <trkpt lat="18.3465301" lon="73.7778399" />
      <trkpt lat="18.3464589" lon="73.7778399" />
      <trkpt lat="18.3464538" lon="73.7777433" />
      <trkpt lat="18.3464283" lon="73.7776629" />
      <trkpt lat="18.3464079" lon="73.777561" />
      <trkpt lat="18.3464079" lon="73.7774537" />
      <trkpt lat="18.3463927" lon="73.7773517" />
      <trkpt lat="18.3463825" lon="73.7772498" />
      <trkpt lat="18.346357" lon="73.7771479" />
      <trkpt lat="18.346301" lon="73.7770728" />
      <trkpt lat="18.346245" lon="73.7770406" />
      <trkpt lat="18.3461941" lon="73.7769762" />
      <trkpt lat="18.3461445" lon="73.7768271" />
    </trkseg>
    <trkseg>
      <trkpt lat="18.3471065" lon="73.7813057" />
      <trkpt lat="18.3466815" lon="73.7812296" />
      <trkpt lat="18.346616" lon="73.7812278" />
      <trkpt lat="18.3465152" lon="73.7812402" />
      <trkpt lat="18.346317" lon="73.7812367" />
      <trkpt lat="18.3462532" lon="73.7812349" />
      <trkpt lat="18.3461927" lon="73.7812137" />
      <trkpt lat="18.3460533" lon="73.7811659" />
      <trkpt lat="18.3460063" lon="73.7811553" />
      <trkpt lat="18.3459593" lon="73.7811606" />
      <trkpt lat="18.3456972" lon="73.7812615" />
      <trkpt lat="18.3456653" lon="73.7812898" />
      <trkpt lat="18.3456586" lon="73.7813446" />
      <trkpt lat="18.3457056" lon="73.7817092" />
      <trkpt lat="18.3457023" lon="73.78178" />
      <trkpt lat="18.3456804" lon="73.7818277" />
      <trkpt lat="18.3456334" lon="73.781849" />
      <trkpt lat="18.3449818" lon="73.7820213" />
    </trkseg>
    <trkseg>
      <trkpt lat="18.3637923" lon="73.7758142" />
      <trkpt lat="18.3639117" lon="73.7757359" />
      <trkpt lat="18.3640369" lon="73.7757259" />
      <trkpt lat="18.3641535" lon="73.7757478" />
      <trkpt lat="18.3642654" lon="73.7757578" />
      <trkpt lat="18.3643717" lon="73.7757756" />
      <trkpt lat="18.3644917" lon="73.7757877" />
      <trkpt lat="18.3645948" lon="73.7757983" />
      <trkpt lat="18.364691" lon="73.7758167" />
      <trkpt lat="18.3647861" lon="73.7758176" />
      <trkpt lat="18.364867" lon="73.7758049" />
      <trkpt lat="18.3649748" lon="73.775795" />
      <trkpt lat="18.3651054" lon="73.7757999" />
      <trkpt lat="18.3652144" lon="73.7757921" />
      <trkpt lat="18.3653366" lon="73.7758171" />
      <trkpt lat="18.3654509" lon="73.7758888" />
    </trkseg>
    <trkseg>
      <trkpt lat="18.3907473" lon="73.7408565" />
      <trkpt lat="18.3907135" lon="73.7408888" />
      <trkpt lat="18.3906829" lon="73.7409116" />
      <trkpt lat="18.3905742" lon="73.7409692" />
      <trkpt lat="18.3903062" lon="73.7411101" />
      <trkpt lat="18.3902739" lon="73.7411408" />
      <trkpt lat="18.3901726" lon="73.7413234" />
      <trkpt lat="18.3901382" lon="73.7413649" />
      <trkpt lat="18.3900601" lon="73.7414305" />
      <trkpt lat="18.3900377" lon="73.7414588" />
      <trkpt lat="18.3899206" lon="73.741609" />
      <trkpt lat="18.3898723" lon="73.7416626" />
      <trkpt lat="18.3897628" lon="73.7418088" />
      <trkpt lat="18.3897195" lon="73.7418464" />
      <trkpt lat="18.3894065" lon="73.7421589" />
      <trkpt lat="18.389353" lon="73.7422393" />
      <trkpt lat="18.3893314" lon="73.742293" />
      <trkpt lat="18.3891863" lon="73.7427154" />
      <trkpt lat="18.3891647" lon="73.7427422" />
      <trkpt lat="18.389138" lon="73.742757" />
      <trkpt lat="18.3890056" lon="73.7427825" />
      <trkpt lat="18.3889674" lon="73.7427986" />
      <trkpt lat="18.3888554" lon="73.7428629" />
      <trkpt lat="18.3888262" lon="73.7428844" />
      <trkpt lat="18.3888007" lon="73.7429152" />
      <trkpt lat="18.3887015" lon="73.7430587" />
      <trkpt lat="18.3885793" lon="73.7432827" />
      <trkpt lat="18.3885424" lon="73.7433256" />
      <trkpt lat="18.3884367" lon="73.7434275" />
      <trkpt lat="18.3883998" lon="73.743457" />
      <trkpt lat="18.3882229" lon="73.7436032" />
      <trkpt lat="18.388186" lon="73.7436247" />
      <trkpt lat="18.3881186" lon="73.7436542" />
      <trkpt lat="18.3880766" lon="73.7436622" />
      <trkpt lat="18.3880142" lon="73.7436555" />
      <trkpt lat="18.3877444" lon="73.7435764" />
      <trkpt lat="18.3877063" lon="73.7435751" />
      <trkpt lat="18.3876337" lon="73.7435912" />
      <trkpt lat="18.3875955" lon="73.743618" />
      <trkpt lat="18.387565" lon="73.7436555" />
      <trkpt lat="18.3875217" lon="73.7437856" />
      <trkpt lat="18.3875026" lon="73.7438111" />
      <trkpt lat="18.3873423" lon="73.7438969" />
    </trkseg>
    <trkseg>
      <trkpt lat="18.3919072" lon="73.7385493" />
      <trkpt lat="18.3918775" lon="73.7382872" />
      <trkpt lat="18.3919945" lon="73.738078" />
      <trkpt lat="18.392244" lon="73.7378634" />
      <trkpt lat="18.3924222" lon="73.7376381" />
      <trkpt lat="18.3927022" lon="73.7374772" />
    </trkseg>
    <trkseg>
      <trkpt lat="18.3667791" lon="73.7515841" />
      <trkpt lat="18.3667704" lon="73.7517841" />
      <trkpt lat="18.366765" lon="73.7518465" />
      <trkpt lat="18.366751" lon="73.7519055" />
      <trkpt lat="18.3667243" lon="73.7520799" />
      <trkpt lat="18.3667204" lon="73.7521711" />
      <trkpt lat="18.3667383" lon="73.7522663" />
      <trkpt lat="18.3668057" lon="73.7524581" />
      <trkpt lat="18.3668184" lon="73.7525412" />
      <trkpt lat="18.3668223" lon="73.7526338" />
      <trkpt lat="18.3668134" lon="73.7527639" />
      <trkpt lat="18.3667977" lon="73.753068" />
    </trkseg>
    <trkseg>
      <trkpt lat="18.3672291" lon="73.7530079" />
      <trkpt lat="18.3672717" lon="73.7527791" />
      <trkpt lat="18.3672793" lon="73.7526718" />
      <trkpt lat="18.3673073" lon="73.7526128" />
      <trkpt lat="18.3673251" lon="73.7524706" />
      <trkpt lat="18.3673251" lon="73.7523633" />
      <trkpt lat="18.367292" lon="73.7522507" />
      <trkpt lat="18.3672869" lon="73.7521487" />
      <trkpt lat="18.3672462" lon="73.7521085" />
      <trkpt lat="18.3672386" lon="73.752012" />
      <trkpt lat="18.3672601" lon="73.7519429" />
    </trkseg>
    <trkseg>
      <trkpt lat="18.3670702" lon="73.7539458" />
      <trkpt lat="18.3671469" lon="73.7538412" />
      <trkpt lat="18.367292" lon="73.7537634" />
      <trkpt lat="18.3674651" lon="73.7536671" />
    </trkseg>
    <trkseg>
      <trkpt lat="18.3667976" lon="73.7515714" />
      <trkpt lat="18.3665755" lon="73.7515447" />
    </trkseg>
    <trkseg>
      <trkpt lat="18.3672654" lon="73.7544324" />
      <trkpt lat="18.3671704" lon="73.7542523" />
      <trkpt lat="18.3670702" lon="73.7539458" />
      <trkpt lat="18.3670018" lon="73.7537611" />
    </trkseg>
    <trkseg>
      <trkpt lat="18.3770032" lon="73.7676627" />
      <trkpt lat="18.3768593" lon="73.7679067" />
      <trkpt lat="18.3768071" lon="73.7679403" />
      <trkpt lat="18.3767727" lon="73.7679523" />
      <trkpt lat="18.3767358" lon="73.7679577" />
      <trkpt lat="18.3764533" lon="73.7679175" />
      <trkpt lat="18.376354" lon="73.7679188" />
      <trkpt lat="18.3761707" lon="73.7679537" />
      <trkpt lat="18.3760142" lon="73.7679952" />
      <trkpt lat="18.3759684" lon="73.7679818" />
      <trkpt lat="18.3759289" lon="73.7679496" />
      <trkpt lat="18.3758805" lon="73.7678732" />
      <trkpt lat="18.3757673" lon="73.7677471" />
      <trkpt lat="18.3756311" lon="73.7675755" />
      <trkpt lat="18.3755776" lon="73.7674655" />
      <trkpt lat="18.3755356" lon="73.7673193" />
      <trkpt lat="18.375528" lon="73.7672442" />
      <trkpt lat="18.3755089" lon="73.7669948" />
      <trkpt lat="18.3754911" lon="73.766917" />
      <trkpt lat="18.375458" lon="73.7668473" />
      <trkpt lat="18.3753409" lon="73.7666783" />
      <trkpt lat="18.3752951" lon="73.7665844" />
      <trkpt lat="18.37522" lon="73.766339" />
      <trkpt lat="18.3751831" lon="73.7662733" />
      <trkpt lat="18.3750406" lon="73.766107" />
      <trkpt lat="18.3748713" lon="73.7659313" />
      <trkpt lat="18.3748242" lon="73.765887" />
      <trkpt lat="18.3746282" lon="73.7657221" />
      <trkpt lat="18.3745353" lon="73.7656684" />
      <trkpt lat="18.37445" lon="73.7656014" />
      <trkpt lat="18.3743978" lon="73.7655491" />
      <trkpt lat="18.3742995" lon="73.7652966" />
    </trkseg>
    <trkseg>
      <trkpt lat="18.3873423" lon="73.7438969" />
      <trkpt lat="18.3870366" lon="73.7441022" />
    </trkseg>
    <trkseg>
      <trkpt lat="18.3989032" lon="73.8553764" />
      <trkpt lat="18.3988412" lon="73.8550778" />
      <trkpt lat="18.3987526" lon="73.8548632" />
      <trkpt lat="18.3986729" lon="73.8545645" />
      <trkpt lat="18.3986464" lon="73.8542192" />
      <trkpt lat="18.3987526" lon="73.8538926" />
      <trkpt lat="18.3988412" lon="73.8536406" />
      <trkpt lat="18.3989829" lon="73.853342" />
      <trkpt lat="18.3990646" lon="73.8532105" />
      <trkpt lat="18.3991511" lon="73.8530714" />
      <trkpt lat="18.3992574" lon="73.852866" />
      <trkpt lat="18.3994433" lon="73.8527634" />
      <trkpt lat="18.3996293" lon="73.8526234" />
      <trkpt lat="18.3997444" lon="73.8523434" />
      <trkpt lat="18.3999747" lon="73.8521474" />
      <trkpt lat="18.4002403" lon="73.8519141" />
      <trkpt lat="18.4005148" lon="73.8516622" />
      <trkpt lat="18.4006388" lon="73.8513635" />
      <trkpt lat="18.4006122" lon="73.8509436" />
      <trkpt lat="18.400568" lon="73.850477" />
      <trkpt lat="18.4005873" lon="73.8502608" />
      <trkpt lat="18.4004228" lon="73.8500825" />
      <trkpt lat="18.4002864" lon="73.8500924" />
      <trkpt lat="18.4001877" lon="73.8500527" />
      <trkpt lat="18.4000232" lon="73.8498695" />
      <trkpt lat="18.3998916" lon="73.8496118" />
      <trkpt lat="18.3997177" lon="73.8491709" />
      <trkpt lat="18.3996472" lon="73.8489777" />
      <trkpt lat="18.3994403" lon="73.8487152" />
      <trkpt lat="18.3992053" lon="73.848517" />
      <trkpt lat="18.3989279" lon="73.8483436" />
      <trkpt lat="18.3986365" lon="73.8481009" />
      <trkpt lat="18.3983403" lon="73.8477343" />
      <trkpt lat="18.3982651" lon="73.8475163" />
      <trkpt lat="18.3982369" lon="73.8472884" />
      <trkpt lat="18.3981335" lon="73.8471745" />
      <trkpt lat="18.3978421" lon="73.8467633" />
      <trkpt lat="18.3978797" lon="73.8466345" />
      <trkpt lat="18.3978797" lon="73.8463274" />
      <trkpt lat="18.3977857" lon="73.8460499" />
      <trkpt lat="18.3978562" lon="73.845941" />
      <trkpt lat="18.3978632" lon="73.8457219" />
      <trkpt lat="18.3978656" lon="73.8456487" />
      <trkpt lat="18.397828" lon="73.8452177" />
      <trkpt lat="18.3978327" lon="73.844856" />
      <trkpt lat="18.3977387" lon="73.8445786" />
      <trkpt lat="18.3976472" lon="73.844098" />
      <trkpt lat="18.397572" lon="73.8439323" />
      <trkpt lat="18.3975686" lon="73.8437521" />
      <trkpt lat="18.397531" lon="73.8435359" />
      <trkpt lat="18.3974352" lon="73.8432188" />
      <trkpt lat="18.3972677" lon="73.8428801" />
      <trkpt lat="18.3971891" lon="73.8426459" />
      <trkpt lat="18.3970591" lon="73.8423468" />
      <trkpt lat="18.3969771" lon="73.8419793" />
      <trkpt lat="18.3969702" lon="73.8417775" />
      <trkpt lat="18.3968711" lon="73.8415649" />
      <trkpt lat="18.3967035" lon="73.8411613" />
      <trkpt lat="18.396495" lon="73.8408767" />
      <trkpt lat="18.3963821" lon="73.8406749" />
      <trkpt lat="18.3961838" lon="73.8404587" />
      <trkpt lat="18.395965" lon="73.8403254" />
      <trkpt lat="18.395647" lon="73.840102" />
      <trkpt lat="18.3951204" lon="73.8396227" />
      <trkpt lat="18.3950008" lon="73.8394137" />
      <trkpt lat="18.3947751" lon="73.8391759" />
      <trkpt lat="18.3941323" lon="73.8387831" />
      <trkpt lat="18.3938588" lon="73.8385489" />
      <trkpt lat="18.3937425" lon="73.838203" />
      <trkpt lat="18.3936057" lon="73.8378895" />
      <trkpt lat="18.3935408" lon="73.8376913" />
      <trkpt lat="18.3936126" lon="73.837122" />
      <trkpt lat="18.3936297" lon="73.8369166" />
      <trkpt lat="18.3936741" lon="73.8365166" />
      <trkpt lat="18.3936775" lon="73.8363221" />
      <trkpt lat="18.3936844" lon="73.8359978" />
      <trkpt lat="18.3936981" lon="73.8357239" />
      <trkpt lat="18.3936775" lon="73.8355041" />
      <trkpt lat="18.3935647" lon="73.8352014" />
      <trkpt lat="18.3934074" lon="73.834924" />
      <trkpt lat="18.3933766" lon="73.8347582" />
      <trkpt lat="18.393363" lon="73.8344483" />
      <trkpt lat="18.3933254" lon="73.8343546" />
      <trkpt lat="18.3931886" lon="73.8341421" />
      <trkpt lat="18.3930518" lon="73.8339439" />
      <trkpt lat="18.392809" lon="73.8336664" />
      <trkpt lat="18.3926723" lon="73.8334574" />
      <trkpt lat="18.3925492" lon="73.832989" />
      <trkpt lat="18.3925116" lon="73.8326287" />
      <trkpt lat="18.3924603" lon="73.8322503" />
      <trkpt lat="18.3923919" lon="73.831753" />
      <trkpt lat="18.3923543" lon="73.8315332" />
      <trkpt lat="18.3922585" lon="73.8312846" />
      <trkpt lat="18.3920431" lon="73.8311369" />
      <trkpt lat="18.3918175" lon="73.8310468" />
      <trkpt lat="18.3914858" lon="73.8309279" />
      <trkpt lat="18.3911507" lon="73.8307549" />
      <trkpt lat="18.3908943" lon="73.8306432" />
      <trkpt lat="18.3905797" lon="73.8304306" />
      <trkpt lat="18.3901557" lon="73.8301568" />
      <trkpt lat="18.3900463" lon="73.8300595" />
      <trkpt lat="18.3897591" lon="73.8299081" />
      <trkpt lat="18.3895502" lon="73.8297274" />
      <trkpt lat="18.3895471" lon="73.8294577" />
      <trkpt lat="18.3895094" lon="73.8291298" />
      <trkpt lat="18.3894411" lon="73.8289389" />
      <trkpt lat="18.3894923" lon="73.8285497" />
      <trkpt lat="18.3894034" lon="73.8282578" />
      <trkpt lat="18.389359" lon="73.8277173" />
      <trkpt lat="18.3892427" lon="73.8271984" />
      <trkpt lat="18.3893009" lon="73.8270219" />
      <trkpt lat="18.3893077" lon="73.8267913" />
      <trkpt lat="18.3893932" lon="73.8265823" />
      <trkpt lat="18.3894718" lon="73.8262688" />
      <trkpt lat="18.3896531" lon="73.825876" />
      <trkpt lat="18.389742" lon="73.8257211" />
      <trkpt lat="18.3900155" lon="73.8253427" />
      <trkpt lat="18.3901659" lon="73.825004" />
      <trkpt lat="18.3902788" lon="73.8246617" />
      <trkpt lat="18.3906447" lon="73.8240203" />
      <trkpt lat="18.3907267" lon="73.8238978" />
      <trkpt lat="18.3908395" lon="73.823696" />
      <trkpt lat="18.3909832" lon="73.8235375" />
      <trkpt lat="18.3911473" lon="73.8233393" />
      <trkpt lat="18.3912259" lon="73.8231015" />
      <trkpt lat="18.391349" lon="73.8228492" />
      <trkpt lat="18.3914345" lon="73.8226583" />
      <trkpt lat="18.3913969" lon="73.8225321" />
      <trkpt lat="18.3913422" lon="73.8224312" />
      <trkpt lat="18.3912293" lon="73.8222655" />
      <trkpt lat="18.3911131" lon="73.8220205" />
      <trkpt lat="18.3910551" lon="73.8218881" />
      <trkpt lat="18.391031" lon="73.8218331" />
      <trkpt lat="18.3909285" lon="73.821689" />
      <trkpt lat="18.3907883" lon="73.8215268" />
      <trkpt lat="18.3906276" lon="73.8214007" />
      <trkpt lat="18.3903985" lon="73.8212025" />
      <trkpt lat="18.3901933" lon="73.8210764" />
      <trkpt lat="18.3900087" lon="73.8208638" />
      <trkpt lat="18.3897967" lon="73.8206476" />
      <trkpt lat="18.3896428" lon="73.8205647" />
      <trkpt lat="18.389465" lon="73.8204134" />
      <trkpt lat="18.3893898" lon="73.8203125" />
      <trkpt lat="18.3893282" lon="73.8201612" />
      <trkpt lat="18.389318" lon="73.8198801" />
      <trkpt lat="18.3893556" lon="73.8195234" />
      <trkpt lat="18.3893522" lon="73.8194297" />
      <trkpt lat="18.3893282" lon="73.8192063" />
      <trkpt lat="18.3891761" lon="73.8189572" />
      <trkpt lat="18.389152" lon="73.8188016" />
      <trkpt lat="18.3891431" lon="73.8187011" />
      <trkpt lat="18.3891709" lon="73.8185829" />
      <trkpt lat="18.3892017" lon="73.818446" />
      <trkpt lat="18.3893492" lon="73.8179138" />
      <trkpt lat="18.3894294" lon="73.8177113" />
      <trkpt lat="18.3894408" lon="73.8176563" />
      <trkpt lat="18.3894014" lon="73.8175303" />
      <trkpt lat="18.3893899" lon="73.8174257" />
      <trkpt lat="18.3894383" lon="73.8173211" />
      <trkpt lat="18.3894268" lon="73.817199" />
      <trkpt lat="18.3894396" lon="73.8169616" />
      <trkpt lat="18.3894582" lon="73.8167668" />
      <trkpt lat="18.3895607" lon="73.8163056" />
      <trkpt lat="18.389633" lon="73.8160631" />
      <trkpt lat="18.3896432" lon="73.8158981" />
      <trkpt lat="18.3896279" lon="73.815646" />
      <trkpt lat="18.3896254" lon="73.8155682" />
      <trkpt lat="18.389535" lon="73.8153282" />
      <trkpt lat="18.3894218" lon="73.8149916" />
      <trkpt lat="18.3894205" lon="73.8149352" />
      <trkpt lat="18.3894803" lon="73.8148172" />
      <trkpt lat="18.3894854" lon="73.8147636" />
      <trkpt lat="18.3894345" lon="73.8146389" />
      <trkpt lat="18.3893899" lon="73.814203" />
      <trkpt lat="18.3893938" lon="73.8141306" />
      <trkpt lat="18.3894396" lon="73.8139522" />
      <trkpt lat="18.3894307" lon="73.8139214" />
      <trkpt lat="18.3894014" lon="73.8138865" />
      <trkpt lat="18.389227" lon="73.8137376" />
      <trkpt lat="18.3890629" lon="73.8135901" />
      <trkpt lat="18.3890362" lon="73.8135351" />
      <trkpt lat="18.3888414" lon="73.8133849" />
      <trkpt lat="18.3888134" lon="73.8133232" />
      <trkpt lat="18.3888109" lon="73.813279" />
      <trkpt lat="18.3888598" lon="73.8131455" />
      <trkpt lat="18.3889229" lon="73.813055" />
      <trkpt lat="18.3889509" lon="73.8129491" />
      <trkpt lat="18.3889229" lon="73.8128605" />
      <trkpt lat="18.3888096" lon="73.8126808" />
      <trkpt lat="18.388746" lon="73.8125575" />
      <trkpt lat="18.3885602" lon="73.8123482" />
      <trkpt lat="18.3884087" lon="73.8122369" />
      <trkpt lat="18.3883146" lon="73.8121095" />
      <trkpt lat="18.3882649" lon="73.8119875" />
      <trkpt lat="18.3881937" lon="73.811675" />
      <trkpt lat="18.3881733" lon="73.8115221" />
      <trkpt lat="18.3881848" lon="73.8113129" />
      <trkpt lat="18.3882179" lon="73.8110179" />
      <trkpt lat="18.388228" lon="73.8107792" />
      <trkpt lat="18.388214" lon="73.8107175" />
      <trkpt lat="18.388144" lon="73.8105793" />
      <trkpt lat="18.3881224" lon="73.8105056" />
      <trkpt lat="18.3879837" lon="73.8102682" />
      <trkpt lat="18.3878832" lon="73.810118" />
      <trkpt lat="18.3878424" lon="73.8100214" />
      <trkpt lat="18.3876923" lon="73.8098001" />
      <trkpt lat="18.3876452" lon="73.809768" />
      <trkpt lat="18.3873996" lon="73.8096419" />
      <trkpt lat="18.3873359" lon="73.8095802" />
      <trkpt lat="18.3871361" lon="73.8092972" />
      <trkpt lat="18.3871005" lon="73.8092168" />
      <trkpt lat="18.3870699" lon="73.8091068" />
      <trkpt lat="18.3869109" lon="73.8088091" />
      <trkpt lat="18.3868841" lon="73.8087514" />
      <trkpt lat="18.3867683" lon="73.8086133" />
      <trkpt lat="18.3867365" lon="73.8085395" />
      <trkpt lat="18.3866818" lon="73.8082874" />
      <trkpt lat="18.3866372" lon="73.8081935" />
      <trkpt lat="18.3865634" lon="73.8080929" />
      <trkpt lat="18.3865342" lon="73.8080285" />
      <trkpt lat="18.3865342" lon="73.8079172" />
      <trkpt lat="18.3865367" lon="73.8078314" />
      <trkpt lat="18.3863954" lon="73.8074787" />
      <trkpt lat="18.3863713" lon="73.807413" />
      <trkpt lat="18.3862542" lon="73.8072829" />
      <trkpt lat="18.386202" lon="73.8072212" />
      <trkpt lat="18.3861473" lon="73.8070831" />
      <trkpt lat="18.3860976" lon="73.8070308" />
      <trkpt lat="18.3860607" lon="73.806894" />
      <trkpt lat="18.3860238" lon="73.8066338" />
      <trkpt lat="18.3859856" lon="73.8065641" />
      <trkpt lat="18.3858622" lon="73.8064501" />
      <trkpt lat="18.3858253" lon="73.8063776" />
      <trkpt lat="18.385824" lon="73.8063052" />
      <trkpt lat="18.3858495" lon="73.8058814" />
      <trkpt lat="18.3858635" lon="73.8055448" />
      <trkpt lat="18.3858507" lon="73.805353" />
      <trkpt lat="18.3858062" lon="73.8050875" />
      <trkpt lat="18.3857782" lon="73.8049708" />
      <trkpt lat="18.385684" lon="73.8047536" />
      <trkpt lat="18.3855619" lon="73.8044532" />
      <trkpt lat="18.3855568" lon="73.8043901" />
      <trkpt lat="18.3856114" lon="73.80413" />
      <trkpt lat="18.3856535" lon="73.8039543" />
      <trkpt lat="18.3856573" lon="73.8037062" />
      <trkpt lat="18.3856395" lon="73.8035506" />
      <trkpt lat="18.3855988" lon="73.8032596" />
      <trkpt lat="18.3855479" lon="73.802931" />
      <trkpt lat="18.3855479" lon="73.8027124" />
      <trkpt lat="18.385614" lon="73.8024281" />
      <trkpt lat="18.385649" lon="73.8020725" />
      <trkpt lat="18.3857082" lon="73.8018514" />
      <trkpt lat="18.3857298" lon="73.8016167" />
      <trkpt lat="18.3857006" lon="73.8015027" />
      <trkpt lat="18.385558" lon="73.8012788" />
      <trkpt lat="18.3854791" lon="73.8011084" />
      <trkpt lat="18.3853315" lon="73.8009207" />
      <trkpt lat="18.3852793" lon="73.800678" />
      <trkpt lat="18.3852526" lon="73.8005573" />
      <trkpt lat="18.385184" lon="73.8004438" />
      <trkpt lat="18.3851228" lon="73.800285" />
      <trkpt lat="18.3850388" lon="73.8001308" />
      <trkpt lat="18.3849421" lon="73.7999591" />
      <trkpt lat="18.3848364" lon="73.799817" />
      <trkpt lat="18.3847537" lon="73.7996627" />
      <trkpt lat="18.3846634" lon="73.7994683" />
      <trkpt lat="18.3845972" lon="73.7993181" />
      <trkpt lat="18.3845183" lon="73.7992363" />
      <trkpt lat="18.3843579" lon="73.7990364" />
      <trkpt lat="18.3842294" lon="73.7988098" />
      <trkpt lat="18.3841963" lon="73.7987696" />
      <trkpt lat="18.3840079" lon="73.7986931" />
      <trkpt lat="18.3838743" lon="73.7986837" />
      <trkpt lat="18.3836669" lon="73.7985952" />
      <trkpt lat="18.3836096" lon="73.798559" />
      <trkpt lat="18.383434" lon="73.7984276" />
      <trkpt lat="18.3831693" lon="73.798378" />
      <trkpt lat="18.3831145" lon="73.7983578" />
      <trkpt lat="18.3828664" lon="73.7983391" />
      <trkpt lat="18.3826971" lon="73.7982787" />
      <trkpt lat="18.3824566" lon="73.7981969" />
      <trkpt lat="18.382272" lon="73.7981218" />
      <trkpt lat="18.3821893" lon="73.7981446" />
      <trkpt lat="18.3821333" lon="73.7981366" />
      <trkpt lat="18.3820289" lon="73.7980722" />
      <trkpt lat="18.3818088" lon="73.7979569" />
      <trkpt lat="18.3816382" lon="73.7979086" />
      <trkpt lat="18.381455" lon="73.7978683" />
      <trkpt lat="18.3813761" lon="73.7978603" />
      <trkpt lat="18.3811826" lon="73.7979448" />
      <trkpt lat="18.3809841" lon="73.7979877" />
      <trkpt lat="18.3804216" lon="73.7980279" />
      <trkpt lat="18.3801836" lon="73.7981218" />
      <trkpt lat="18.3799914" lon="73.7981339" />
      <trkpt lat="18.3797152" lon="73.7981164" />
      <trkpt lat="18.3795027" lon="73.7980963" />
      <trkpt lat="18.3792672" lon="73.7981352" />
      <trkpt lat="18.3788472" lon="73.7982707" />
      <trkpt lat="18.3784718" lon="73.7984182" />
      <trkpt lat="18.3782122" lon="73.7985174" />
      <trkpt lat="18.3781689" lon="73.7985295" />
      <trkpt lat="18.3781205" lon="73.7985255" />
      <trkpt lat="18.3779805" lon="73.7984316" />
      <trkpt lat="18.3778914" lon="73.7984195" />
      <trkpt lat="18.3776993" lon="73.7983726" />
      <trkpt lat="18.377628" lon="73.7983364" />
      <trkpt lat="18.3773964" lon="73.7981674" />
      <trkpt lat="18.3773607" lon="73.7981406" />
      <trkpt lat="18.3772258" lon="73.7979569" />
      <trkpt lat="18.3771138" lon="73.7978375" />
      <trkpt lat="18.3769547" lon="73.7977557" />
      <trkpt lat="18.376718" lon="73.7976524" />
      <trkpt lat="18.3766365" lon="73.7975988" />
      <trkpt lat="18.3765678" lon="73.7975049" />
      <trkpt lat="18.3764991" lon="73.7974244" />
      <trkpt lat="18.3763375" lon="73.7973386" />
      <trkpt lat="18.3762407" lon="73.7972635" />
      <trkpt lat="18.376172" lon="73.7971401" />
      <trkpt lat="18.3760638" lon="73.7969658" />
      <trkpt lat="18.3759989" lon="73.7968048" />
      <trkpt lat="18.3758513" lon="73.796605" />
      <trkpt lat="18.3758077" lon="73.7964657" />
      <trkpt lat="18.3755717" lon="73.7962711" />
      <trkpt lat="18.3754418" lon="73.7962026" />
      <trkpt lat="18.3752742" lon="73.7961054" />
      <trkpt lat="18.3750451" lon="73.7959937" />
      <trkpt lat="18.3748468" lon="73.795918" />
      <trkpt lat="18.3747647" lon="73.7958928" />
      <trkpt lat="18.3747374" lon="73.7958315" />
      <trkpt lat="18.3745937" lon="73.7957594" />
      <trkpt lat="18.3744399" lon="73.7955649" />
      <trkpt lat="18.3743222" lon="73.7953285" />
      <trkpt lat="18.3742107" lon="73.7952153" />
      <trkpt lat="18.3740911" lon="73.7951613" />
      <trkpt lat="18.3739369" lon="73.7950795" />
      <trkpt lat="18.3738585" lon="73.7949883" />
      <trkpt lat="18.373797" lon="73.7949127" />
      <trkpt lat="18.3737149" lon="73.7948694" />
      <trkpt lat="18.3735738" lon="73.7948051" />
      <trkpt lat="18.373472" lon="73.7947967" />
      <trkpt lat="18.3733333" lon="73.7947855" />
      <trkpt lat="18.3731825" lon="73.7947543" />
      <trkpt lat="18.3730686" lon="73.7946964" />
      <trkpt lat="18.3728994" lon="73.7944897" />
      <trkpt lat="18.3727642" lon="73.7942028" />
      <trkpt lat="18.3726274" lon="73.7938605" />
      <trkpt lat="18.3725734" lon="73.7936839" />
      <trkpt lat="18.3725317" lon="73.7935254" />
      <trkpt lat="18.3724667" lon="73.793355" />
      <trkpt lat="18.3723368" lon="73.7931254" />
      <trkpt lat="18.3722992" lon="73.7929669" />
      <trkpt lat="18.3722992" lon="73.7927867" />
      <trkpt lat="18.3723163" lon="73.7926173" />
      <trkpt lat="18.3724052" lon="73.792448" />
      <trkpt lat="18.3725045" lon="73.7922461" />
      <trkpt lat="18.3725625" lon="73.7920588" />
      <trkpt lat="18.3726001" lon="73.7918859" />
      <trkpt lat="18.3726719" lon="73.7917381" />
      <trkpt lat="18.3727335" lon="73.7915832" />
      <trkpt lat="18.3727403" lon="73.7913814" />
      <trkpt lat="18.37273" lon="73.7911436" />
      <trkpt lat="18.3727027" lon="73.790985" />
      <trkpt lat="18.3726856" lon="73.7908193" />
      <trkpt lat="18.37273" lon="73.7906968" />
      <trkpt lat="18.3727198" lon="73.7906139" />
      <trkpt lat="18.3726309" lon="73.7904553" />
      <trkpt lat="18.3725983" lon="73.7903575" />
      <trkpt lat="18.3725522" lon="73.7902608" />
      <trkpt lat="18.3725316" lon="73.7901881" />
      <trkpt lat="18.3725146" lon="73.7901202" />
      <trkpt lat="18.3724291" lon="73.7897995" />
      <trkpt lat="18.3723436" lon="73.7895725" />
      <trkpt lat="18.3723573" lon="73.7892735" />
      <trkpt lat="18.3722444" lon="73.7890536" />
      <trkpt lat="18.3722106" lon="73.7888996" />
      <trkpt lat="18.3722" lon="73.7887005" />
      <trkpt lat="18.3722479" lon="73.7885384" />
      <trkpt lat="18.3723235" lon="73.7882715" />
      <trkpt lat="18.3723539" lon="73.7880447" />
      <trkpt lat="18.3723539" lon="73.7877961" />
      <trkpt lat="18.3723478" lon="73.7876379" />
      <trkpt lat="18.3723607" lon="73.7874862" />
      <trkpt lat="18.3723881" lon="73.7872736" />
      <trkpt lat="18.3724907" lon="73.7870214" />
      <trkpt lat="18.3725327" lon="73.786815" />
      <trkpt lat="18.3726035" lon="73.7865313" />
      <trkpt lat="18.3726651" lon="73.7864052" />
      <trkpt lat="18.3727745" lon="73.7861746" />
      <trkpt lat="18.3729284" lon="73.7859368" />
      <trkpt lat="18.3730617" lon="73.7856954" />
      <trkpt lat="18.3731678" lon="73.7854323" />
      <trkpt lat="18.3732043" lon="73.7852229" />
      <trkpt lat="18.3731917" lon="73.785054" />
      <trkpt lat="18.3731643" lon="73.7849387" />
      <trkpt lat="18.3730823" lon="73.7847873" />
      <trkpt lat="18.373007" lon="73.7846576" />
      <trkpt lat="18.3729147" lon="73.7845387" />
      <trkpt lat="18.3727984" lon="73.7844018" />
      <trkpt lat="18.3727646" lon="73.7843007" />
      <trkpt lat="18.3727338" lon="73.7841458" />
      <trkpt lat="18.372701" lon="73.7839736" />
      <trkpt lat="18.3726817" lon="73.7836981" />
      <trkpt lat="18.3726445" lon="73.7834757" />
      <trkpt lat="18.3726144" lon="73.7834063" />
      <trkpt lat="18.3725864" lon="73.7833208" />
      <trkpt lat="18.3725488" lon="73.7832595" />
      <trkpt lat="18.3725112" lon="73.7831694" />
      <trkpt lat="18.3725076" lon="73.7830676" />
      <trkpt lat="18.372518" lon="73.7829028" />
      <trkpt lat="18.3725112" lon="73.7827622" />
      <trkpt lat="18.3725522" lon="73.7825641" />
      <trkpt lat="18.3726274" lon="73.7823731" />
      <trkpt lat="18.372648" lon="73.7821857" />
      <trkpt lat="18.372648" lon="73.7819803" />
      <trkpt lat="18.3726172" lon="73.7817713" />
      <trkpt lat="18.3725967" lon="73.7816164" />
      <trkpt lat="18.3725556" lon="73.7814759" />
      <trkpt lat="18.3725043" lon="73.7812741" />
      <trkpt lat="18.3724701" lon="73.7811227" />
      <trkpt lat="18.3724496" lon="73.7809606" />
      <trkpt lat="18.3724223" lon="73.7807408" />
      <trkpt lat="18.3723744" lon="73.7804669" />
      <trkpt lat="18.3723641" lon="73.7803012" />
      <trkpt lat="18.3723231" lon="73.780085" />
      <trkpt lat="18.372265" lon="73.779912" />
      <trkpt lat="18.3722" lon="73.7797679" />
      <trkpt lat="18.3721179" lon="73.7796057" />
      <trkpt lat="18.3720119" lon="73.7794688" />
      <trkpt lat="18.371882" lon="73.7793679" />
      <trkpt lat="18.3717896" lon="73.7792238" />
      <trkpt lat="18.371646" lon="73.7790796" />
      <trkpt lat="18.3714921" lon="73.7788995" />
      <trkpt lat="18.3713724" lon="73.7788382" />
      <trkpt lat="18.3712322" lon="73.7787301" />
      <trkpt lat="18.371116" lon="73.778622" />
      <trkpt lat="18.3709894" lon="73.7784743" />
      <trkpt lat="18.3708834" lon="73.778377" />
      <trkpt lat="18.3707535" lon="73.7782437" />
      <trkpt lat="18.3706851" lon="73.7780887" />
      <trkpt lat="18.3705517" lon="73.7779446" />
      <trkpt lat="18.3703021" lon="73.7777464" />
      <trkpt lat="18.3702132" lon="73.7776203" />
      <trkpt lat="18.3701003" lon="73.7774978" />
      <trkpt lat="18.3699943" lon="73.7773609" />
      <trkpt lat="18.3699396" lon="73.7772347" />
      <trkpt lat="18.3698507" lon="73.7771086" />
      <trkpt lat="18.3697549" lon="73.7769969" />
      <trkpt lat="18.369625" lon="73.7769249" />
      <trkpt lat="18.3695019" lon="73.77686" />
      <trkpt lat="18.3693958" lon="73.7768384" />
      <trkpt lat="18.3692488" lon="73.7768168" />
      <trkpt lat="18.3690744" lon="73.7767843" />
      <trkpt lat="18.3688863" lon="73.7767627" />
      <trkpt lat="18.3687324" lon="73.7767159" />
      <trkpt lat="18.3686059" lon="73.7766402" />
      <trkpt lat="18.3685409" lon="73.7765861" />
      <trkpt lat="18.368411" lon="73.7765285" />
      <trkpt lat="18.3683392" lon="73.7764636" />
      <trkpt lat="18.3682468" lon="73.7763988" />
      <trkpt lat="18.3681442" lon="73.7763267" />
      <trkpt lat="18.3680514" lon="73.7763009" />
      <trkpt lat="18.3679536" lon="73.7762689" />
      <trkpt lat="18.3678491" lon="73.776224" />
      <trkpt lat="18.367727" lon="73.7761963" />
      <trkpt lat="18.3676087" lon="73.7761711" />
      <trkpt lat="18.3674968" lon="73.7761334" />
      <trkpt lat="18.3673689" lon="73.776101" />
      <trkpt lat="18.3672736" lon="73.7760669" />
      <trkpt lat="18.3671748" lon="73.7760262" />
      <trkpt lat="18.3670653" lon="73.7759285" />
      <trkpt lat="18.3669462" lon="73.7759028" />
      <trkpt lat="18.3668251" lon="73.7758802" />
      <trkpt lat="18.3666213" lon="73.7757701" />
    </trkseg>
  </trk>
</gpx>
